code,product_name,ingredients_text,allergens,allergens_en,additives_en,candidate_category,confirmed_allergens,potential_allergens,evidence_level,is_food,review_status
00002199,Petit beurre tablette choco,"Chocolat au lait 48% (sucre, beurre et pâte de cacao, lait écrémé en poudre, lactose, matière grasse laitière anhydre, émulsifiant lécithines (tournesol), arôme), farine de blé, sucre, beurre concentré (soit 9% de beurre reconstitué), lait entier en poudre, poudres à lever : carbonates d'ammonium carbonates de sodium - diphosphates, sel. Peut contenir des traces de soja, de graines de sésame, d'eufs et de fruits à coque. VALEURS NUTRITIONNELLES ΜΟΥΕΝNES Pour 2 Biscuits (25g) Pour 100 g",,,"E322 - Lecithins,E322i - Lecithin,E450 - Diphosphates,E503 - Ammonium carbonates",,milk;wheat_gluten,soy;sesame;egg;tree_nut,BOTH,YES,KEEP
00001664,Brins de ChocoCaramel,"Chocolat au lait 40% (sucre, beurre de cacao, lait entier en poudre, pâte de cacao, émulsifiant : lécithines (soja), arôme naturel de vanille), sirop de glucose-fructose, farine de blé 23%, sucre, stabilisant : glycérol, fructose, lait concentré sucré (lait entier, sucre), caramel aromatique 0.9%, lait écrémé en poudre, beurre concentré, beurre, sel, arôme, gélifiant : pectines, émulsifiant : lécithines (soja). Farine issue de blé français, filière responsable. Peut contenir des traces d'eufs, de graines de sésame et de fruits à coque.","en:gluten,en:milk,en:soybeans",,"E322 - Lecithins,E322i - Lecithin,E422 - Glycerol,E440 - Pectins",,milk;soy;wheat_gluten,egg;sesame;tree_nut,BOTH,YES,KEEP
00002955,Chocolat noir sésame complet,"Pâte de cacao Équateur*, sucre de canne blond*, beurre de cacao*, sésame* 10%. *Ingrédients agricoles issus de l'agriculture biologique. Cacao, sucre, Commerce Equitable contrôlé selon le référentiel Fair for Life: 90% du total des ingrédients d'origine agricole sont issus de filières BIOPARTENAIRE (¹) Plus d'informations sur www.BIOPARTENAIRE.com. Peut contenir des traces de fruits à coques, de gluten, d'oeuf, de soja et de lait.",en:sesame-seeds,,,,sesame,tree_nut;wheat_gluten;egg;soy;milk,BOTH,YES,KEEP
00013819,Triangle Comtois,"PATE A PAIN [farine de BLE (farine de BLE, GLUTEN de BLE, farine de BLE malité, levure désactivée), eau, dextrose, graines de tournesol 1,5%, sel, levure, poudre de BEURRE, perméat de LACTOSERUM, émulsifiant: E471e, GLUTEN de BLE. graines de millet 0,3%, graines de SESAME O,3%, colorant E160aiii, agent de traitement de la farine : E300], décor GRAINES 3% [millet 45%, SESAME 35%, pavot 20%]. UR US Garhiture 56% Jambon 35,7% (jambon de porc [origine France], eau, sel, arômes naturels, dextrose, bouillon de porc déshydratė [eau, os et viande de porc, extrait de carotte et extrait de poireau], sirop de glucose, chlorure de potassium, antioxydant ascorbate de sodium. conservateur nitrite de C sodium)salade batavia 21,4%. tomate 21.4% COMTE 7,1% (LAIT de vache, sel, FERMENTS LACTIQUES, présure), moutarde 7,1% (eau, graines de moutarde, vinaigre d’alcool, sel, acidifiant : acide citrique, conservateur : DISULFITE de potassium), BEURRE léger 7,1% (eau, BEURRE, amidon modifié E1422, amidon de pomme de terre, acidifiant : acide lactique, sel 0,4%, émulsifiants E471, épaississant E466, conservateur : sorbate de potassium colorant : bêta-carotène, arôme naturel)",,,"E1422 - Acetylated distarch adipate,E160a - Carotene,E160ai - Beta-carotene,E160aiii - Beta-carotene from blakeslea trispora,E300 - Ascorbic acid,E466 - Sodium carboxy methyl cellulose,E471 - Mono- and diglycerides of fatty acids",,milk;wheat_gluten;sesame,,DIRECT,YES,KEEP
0002000012670,,"Farine de blé 28,2%, eau, farine de blé complet 22%, levure, sema de maïs, gluten de blé, graines de tournesol toastées 2,6%, graines de courge toastées 2,6%, graines de tourne 2,1%, sucre, alcool, sel, graines de lin brun 0,6%, graines de pavot 0,5%, graines de millet 0,5%, graines de lind 0,4%, amidon de maïs, levain de blé dévitalisé, poudre d'acérola, conservateurs: propionate de calcium, a sorbique, levure sèche désactivée. Traces éventuelles de lait, œuf, sésame, soja et moutarde. Fabriqué en Fra Les graines ne proviennent pas de France. də sun эр эшше and de sns ариалалдар ашшоя 9202",,,E282 - Calcium propionate,,wheat_gluten,milk;egg;sesame;soy,BOTH,YES,KEEP
0000705520537,,"Roggenmehl 47%, Weizenmehl 45%, getrockneter Sauerteig (Roggenmehl, natürlich fermentiert), jodiertes Speisesalz (Speisesalz, Kaliumjodat), Trockenhefe 2%, Traubenzucker, Gerstenmalzmehl, Säuerungsmittel (Äpfelsäure) Malzextrakt (Gerste, Roggen), Mehlbehand - lungsmittel (Ascorbinsäure). Kann Spuren von Milch, Ei, Sesam, Soja und Lupinen enthalten. Durchschnittliche Nährwerte Energie Fett",en:gluten,,E300 - Ascorbic acid,,wheat_gluten,milk;egg;sesame;soy,BOTH,YES,KEEP
0002114016008,"Unseasoned bread crumbs, plain","Enriched flour (flour, malted barley, niacin, ferrous sulfate, thiamin mononitrate [vitamin b1], riboflavin [vitamin b2], folic acid), high fructose corn syrup, corn syrup, partially hydrogenated vegetable oil (soybean and/or cottonseed and/or corn and/or canola oils), water, salt. contains 2 percent or less of yeast, honey, molasses, sugar, wheat gluten, whey, soy flour, whole wheat flour, rye flour, corn flour, oat bran, oat flour, corn meal, rice flour, potato flour, butter, dough conditioners (mono - and diglycerides, sodium and/or calcium stearoyl lactylate, soy lecithin, calcium carbonate), yeast nutrients (ammonium sulfate, calcium sulfate, monocalcium phosphate), distilled vinegar, skim milk, buttermilk, lactic acid, calcium propionate (preservative), potassium sorbate (preservative), sesame seeds, sunflower seeds, eggs.","en:eggs,en:milk,en:sesame-seeds",,"E170 - Calcium carbonates,E170i - Calcium carbonate,E202 - Potassium sorbate,E270 - Lactic acid,E282 - Calcium propionate,E322 - Lecithins,E322i - Lecithin,E341 - Calcium phosphates,E341i - Monocalcium phosphate,E471 - Mono- and diglycerides of fatty acids,E516 - Calcium sulphate,E517 - Ammonium sulphate",,milk;egg;soy;wheat_gluten;sesame,,DIRECT,YES,KEEP
0001374569225,Œufs Praliné,"Praliné 32% (sucre, amandes, noisettes), sucre, beurre de cacao, lait en poudre, pâte de cacao, lactosérum en poudre, brisure de crêpe dentelle 1% (farine de blé, sucre, beurre concentré, poudre de lait écrémé, malt d'orge, sel), noisettes hachées 0,8%, matière grasse laitière en poudre, émulsifiant : lécithine de soja, arôme naturel de vanille. Traces possibles d'autres fruits à coque, œuf, sésame.",,,"E322 - Lecithins,E322i - Lecithin",,milk;soy;wheat_gluten;tree_nut,egg;sesame,BOTH,YES,KEEP
0000200000007,Purée de Sésame Tahini Bio,"Graines de sésame grillées* (99,7%), sel de mer (0,3%). (*issu de l'agriculture biologique)",en:sesame-seeds,,,,sesame,,DIRECT,YES,KEEP
00016872,Zen Party Mix,"ROASTED PEANUTS (PEANUTS, PEANUT OR CANOLA OIL, SALT), SESAME STICKS (UNBLEACHED WHEAT FLOUR, SESAME SEEDS, SUNFLOWER OIL, SA;T, BEET POWDER, TURMERIC), CHILI CRACKERS (RICE, CORN STARCH, SOY SAUCE[WATER, SOYBEANS, WHEAT, SALT], BROWN RICE SYRUP, PAPRIKA, ONION POWDER, GARLIC POWDER), TAMARI ROASTED ALMONDS (ALMONDS, TAMARI SHOYU [WATER, WHEAT, SOYBEANS, SALT]), SALT","en:gluten,en:nuts,en:peanuts,en:sesame-seeds,en:soybeans",,,,peanut;soy;wheat_gluten;sesame;tree_nut,,DIRECT,YES,KEEP
0001143155625,Nankhatai traditional indian cookies,"Wheat flour (50%), sugar (21%), hydrogenated vegetable oil (contains one or more of the following: sesame oil, soybean oil, palm oil), cardamom, nutmeg, sodium bicarbonate, butylated hydroxyanisole (e320), salt.",en:gluten,,"E320 - Butylated hydroxyanisole (bha),E500 - Sodium carbonates,E500ii - Sodium hydrogen carbonate",,wheat_gluten,sesame,BOTH,YES,KEEP
00003991,Poudre de cacao,"Poudre de cacao biologique Peut contenir : Noix, Graines de sésame",,,,,,tree_nut;sesame,PRECAUTIONARY,YES,KEEP
0001505501180,miso ramen,"RAMEN NOODLES: WHEAT FLOUR, SHORTENING OIL, TAPIOCA STARCH, POTATO STARCH, SALT, SODIUM HEXAMETAPHOSPHATE, SODIUM HYDROGEN CARBONATE, MIXED TOCOPHEROL, GUAR GUM, AND RIBOFLAVIN. SOUP SAUCE RED MISO WATER SOYBEAN RICE, AND SALT), WATER, SOYBEAN OIL, MALTODEXTRIN, SALT, YEAST EXTRACT, KELP POWDER (DEXTRIN, KELP BROTH, AND KELP EXTRACT), SUGAR SOY SAUCE POWDER ASOY SAUCE SOYBEAN, SALT AND ALCOHOL], DEXTRIN, AND SALT)*, SHALLOT*, WHITE RADISH*, TUNA POWDER (TUNA, MALTODEXTRIN, SALT, AND SUGAR), ONION, GARLIC, SODIUM LACTATE, SODIUM ACETATE, CARAMEL POWDER, DISODIUM INOSINATE AND DISODIUM GUANYLATE, POTASSIUM CHLORIDE, GINGER XANTHAN GUM, SESAME OIL, AND CITRIC ACID. VEGETABLE: CARROT*, CORN*, GREEN ONION* AND SESAME. CHILI OIL PACK: SOYBEAN OIL, GINGER, CHILI OIL. CONTAINS: SOY, WHEAT, SESAME, AND FISH (TUNA). MANUFACTURED IN A FACILITY THAT PROCESSES SOY, WHEAT, AND FISH. *DRIED COOKING INSTRUCTIONS RETTLE AND ENJOY! 4. ADD THE FLAVORING OIL, STIR WELL THE PACKETS. 1. OPEN THE LID HALFWAY AND RENOIE CLOSE THE LID AND WAIT 3 MINUTES 3. ADD HOT WATER TO THE FILL LINE PACKETS (WAIT ON THE FLAVOR OIL. 2. ADD THE VEGGIES AND SEASONING een MICROWAVE on oven wattage. THE PACKETS. 1. OPEN THE LID HALFWAY AND REFUTE HIGH FOR 2 MINUTES AND MICROWAVE † Microwave cook times may vary depe 3. ADD COOL WATER TO THE FILE 2. ADD THE VEGGIES AND SEASONING PACKETS (WAIT ON THE FLAVOR OIL, STIR WELL AND OR 1 MINUTE ADD THE DO NOT MICROWAVE WITH CONTENTS WILL BE HOT PLEASE",,,"E101 - Riboflavin,E101i - Riboflavin,E1400 - Dextrin,E262 - Sodium acetates,E262i - Sodium acetate,E306 - Tocopherol-rich extract,E325 - Sodium lactate,E330 - Citric acid,E412 - Guar gum,E415 - Xanthan gum,E452 - Polyphosphates,E452i - Sodium polyphosphate,E500 - Sodium carbonates,E500ii - Sodium hydrogen carbonate,E627 - Disodium guanylate,E631 - Disodium inosinate",,soy;wheat_gluten;sesame,,DIRECT,YES,KEEP
0000978623508,Pane proteico,"Acqua, Miscela di proteine (12%) (Proteine del grano, Proteine del picelli), farina di segale integrale, Semi di lino scuri, Sola macinata grossa (6%), Farina di soia (3%), Crusca di frumento, Semi di lino dorati, Semi di girasole, Sesamo, Aceto di mele, Sale, Farina di segale, Lievito, Siero del latte in polvere","en:gluten,en:milk,en:sesame-seeds,en:soybeans",,,,milk;soy;wheat_gluten;sesame,,DIRECT,YES,KEEP
00004428,,"UNBLEACHED HIGH GLUTEN ENRICHED FLOUR (WHEAT FLOUR, MALTED BARLEY FLOUR, NIACIN, REDUCED IRON, THIAMINE MONONITRATE, RIBOFLAVIN, FOLIC ACID), WATER, RAISINS, WHEAT OBRAN, VITAL WHEAT GLUTEN, WHOLE WHEAT FLOUR, WALNUTS, ue DRIED APPLES, DATE PASTE, HONEY, 3% YEAST, CINNAMON, SALT, GUAR 0% GUM, MONOCALCIUM PHOSPHATE. 0% 5% 3% CONTAINS WHEAT, WALNUT. MAY CONTAIN EGG, SOY, SESAME.",,,"E341 - Calcium phosphates,E341i - Monocalcium phosphate",,wheat_gluten;tree_nut,egg;soy;sesame,BOTH,YES,KEEP
00012782,Bagel sésame 3 fromages,"PAIN BAGEL au SESAME 51,2% : Farine de BLE, eau, huile végétale raffinée de colza, sucre, GRAINES DE SESAME 2%, GLUTEN D E BLE, farine de MALT DE BLE, levure, sel, farine de SOJA, émulsifiants: E471, E322, agents de traitement de la farine : E300, E920. Garniture 48,8% : FROMAGE DE CHEVRE 41,1% (LAIT de chèvre pasteurise 98,3%, sel 1,5% ferments LACTIQUES et fongiques, coagulant), FROMAGE CHEDDAR 22,4% (FROMAGES [dont CHEDDAR 51%], LAIT écrémé réhydraté, BEURRE, sels de fonte : citrates de sodium, acide citrique, protéines de LAIT, sel, colorant : extrait de paprika, antiagglomérant:lécithine de tournesol). FROMAGE FRAIS 18,2% (BABEURRE, CREME pasteurisee 13,3%, protéines de LAIT, acidifiant :acide citrique, sel. épaississant farine de graines de caroube, conservateur : sorbate de potassium, arôme naturel),  FOURME D'AMBERT 18.2% (LAIT pasteurisé de vache, sel. présure animale ferments LACTIQUES). (% exprimés pur le garniture)",,,"E160c - Paprika extract,E202 - Potassium sorbate,E300 - Ascorbic acid,E322 - Lecithins,E322i - Lecithin,E330 - Citric acid,E331 - Sodium citrates,E471 - Mono- and diglycerides of fatty acids,E920 - L-cysteine",,milk;soy;wheat_gluten;sesame,,DIRECT,YES,KEEP
0002000007201,Seeded hamburger 8 enriched buns,"Enriched wheat flour (wheat flour, malted barley flour, niacin, iron, thiamin mononitrate, riboflavin, folic acid), water, yeast, high fructose corn syrup, soybean oil, contains 2% or less of the following: wheat gluten, sesame seeds, salt, cultured wheat flour, dough conditioners (sodium stearoyl lactylate, monoglycerides, ascorbic acid), yeast nutrients (monocalcium phosphate, calcium sulfate, ammonium sulfate), calcium propionate (preservative), vinegar, soy lecithin.","en:gluten,en:sesame-seeds",,"E282 - Calcium propionate,E300 - Ascorbic acid,E322 - Lecithins,E322i - Lecithin,E341 - Calcium phosphates,E341i - Monocalcium phosphate,E481 - Sodium stearoyl-2-lactylate,E516 - Calcium sulphate,E517 - Ammonium sulphate",,soy;wheat_gluten;sesame,,DIRECT,YES,KEEP
0002000010775,Escalope soja et blé,"Protéines de soja et de blé réhydratées, Eau, Chapelure (farine de blé, eau, huile de colza, levure, sel épices (pa rika curcuma)) ; Huiles végétales (tournesol colza), BIPanc d'œuf* en poudre, Amidon de maïs, Fi6res d'agrumes, Extrait de levure, Farine de blé, Epices (oignon en poudre, paprika, piment rouge, ail deshydraté cumin, origan) ; Concentré de tomates, Vinaigre, Sel, Ail, Jaune d'œuf*, Sel iodé, Moutarde, Sucre, (*Poules élevées au sol,) Peut contenir : sésame, céleri,",,,,,soy;wheat_gluten;egg,sesame,BOTH,YES,KEEP
00015363,Solène céréales poulet à l’italienne,"PAIN SOLENE AUX CEREALE S 51,4% Farine de BLE, eau, GRAINES 8% [lin brun, millet, lin jaune, tournesol, SESAME], sel, levure, GLUTEN DE BLE, farine de BLE malté, levure désactivée, agent de traitement de la farine : acide ascorbique, Garniture 48,6% : Émincé de poulet rôti 39,1% (filet de poulet 82% [origine UE], eau, acidifiant : lactate de potassium et acétate de sodium, amidon modifié de manioc, sel,  dextrose et sirop de glucose, arômes, gélifiants E407a, antioxydant : érythorbate de sodium, colorant: caramel), billes de MOZZARELLA 31,3% (LAIT pasteurisé, sel, coagulant microbien correcteur d'acidité E330, conservateur : E202), tomates confites 15,6% (tomates 73,5% huiles végétales 25%, sel, ail, origan), salade batavia 11,7%. huile d'olive 1,4%. épices italiennes (poivrons rouge et vert, tomate en poudre, ail déshydraté 14,9%, origan 11,8%, oignon déshydrate, marjolaine 5%, paprika, basilio, poivre noir, huile de tournesol, antiagglomérant : dioxyde de silicium).",,,"E14XX - Modified Starch,E150 - Caramel,E202 - Potassium sorbate,E262 - Sodium acetates,E262i - Sodium acetate,E300 - Ascorbic acid,E316 - Sodium erythorbate,E326 - Potassium lactate,E407a - Processed eucheuma seaweed,E551 - Silicon dioxide",,milk;wheat_gluten;sesame,,DIRECT,YES,KEEP
0000442811776,Instant shrip noodles,"enriched wheat flour (wheat flour, niacin, reduced iron, thiamine mononitrate, riboflavin, folic acid), vegetable oil (contains one or more of the following: canola, cottonseed, palm) preserved by tbhq, salt, dehydrated vegetables (carrot, garlic, onion, chive), contains less than 2% of: chili, habanero, paprika, and other spices, monosodium glutamate, maltodextrin, freeze dried shrimp, dehydrated soy sauce (wheat, soybeans, salt), sugar, hydrolyzed corn protein, hydrolyzed wheat protein, hydrolyzed soy protein, yeast extract, miso powder (soybeans, wheat, rice, salt), potassium carbonate, citric acid, sodium carbonate, sodium hexametaphosphaté, natural flavors, sésame oil, silicon dioxide (anti-caking agent), sodium tripolyphosphate, disodium guanylate, disodium inosinate, monosodium phosphate, lactose. irimp",,,"E319 - Tertiary-butylhydroquinone (tbhq),E330 - Citric acid,E339 - Sodium phosphates,E339i - Monosodium phosphate,E452 - Polyphosphates,E452i - Sodium polyphosphate,E452vi - Sodium tripolyphosphate,E621 - Monosodium glutamate,E627 - Disodium guanylate,E631 - Disodium inosinate",,milk;soy;wheat_gluten;sesame,,DIRECT,YES,KEEP
0001202312158,Spicy Szechuan Noodles,"White Cabbage, Brown Rice Noodles (8%) [Brown Rice Flour, Water], Pak Choi (8%), Red Onion, Edamame [Soya] (8%), Chestnut Mushroom (7%), Roasted _Peanuts_ (4%) [Peanuts, Rapeseed Oil, Salt], _Soya_ Mince [_Soya_ Flour, Colour: Caramel] (4%), Water, Tamari [_Soya_ Beans, Water, Salt, Alcohol], Tahini (4%) (_Sesame_), Spring Onion (4%), Garlic, Maple Syrup, Rice Wine Vinegar, Ginger, Red Pepper Flakes, Sunflower Oil, Porcini Mushroom Powder, _Sesame_ Oil (_Soya_), Chilli Flakes, Pepper, Szechuan Pepper (0.1%)","en:sesame-seeds,en:soybeans",,E150 - Caramel,,peanut;soy;sesame,,DIRECT,YES,KEEP
0000802805391,,"je wil weten over onze Toast met rozemarijn We hebben alles op een rijtje gezet wat Dit Ingrediënten: TARWEbloem, zonnebloemolie, moutextract (GERST, maïs), zout, rozemarijn 2,3%, gist. Als je ergens niet tegen kan Allergenen: tarwe en gerst (gluten). Kan bevatten: soja, melk en sesam. Gemiddelde voedingswaarde per 100 g kJ 1787 kcal 425 Energie Vetten 11,9 g waarvan verzadigde vetzuren 1,3 g Koolhydraten 66,3 g waarvan suikers Vezels Eiwitten per 30 g kl 536 kcal 127 3,6 g 0,4 g 19,9 g 1,0 g 1,2 g 11,0 g 3,3 g 7% Zout 2,40 g 0,72 g 12% *RI= Referentie-inname van een gemiddelde volwassene (8.400 kl/2.000 kcal). Deze verpakking bevat 5 porties. Hoe zit het met de houdbaarheid? 3,2g 4,1g Ten minste houdbaar tot en met: zie achterzijde. Bewaaradvies: koel en droog bewaren. BI RESTAFVAL We zijn er voor je Consumentenservice: Jumbo Supermarkten B.V. Antwoordnummer 10072, 5460 VB Veghel Nederland, Jumbo.com To gool je de verpakking weg VERPAKKING RI 6% 5% 2% 8% 19% 150g e",en:gluten,,,,wheat_gluten,soy;milk;sesame,BOTH,YES,KEEP
0001472055734,,"Wasser, Weizenvollkornmehl, Weizeneiweiß, Sonnenblumenkerne, Leinsamen, Erbsenschrot, Hefe, Sesam, Weizenproteinkonzentrat, Ackerbohnenmehl, Gerstenmalz - mehl, Weizenspeisekleie, Natursauerteig (Wasser, Roggen - vollkornmehl, Roggenmehl, Weizenmehl), Säureregulator: Natriumacetate; Roggenmehl, Salz. Kann Spuren von Ei, Soja und Milch enthalten. Angebrochene Packung stets wieder mit Clip verschließen und möglichst bald verzehren. Ungeöffnet",,,E262 - Sodium acetates,,wheat_gluten;sesame,egg;soy;milk,BOTH,YES,KEEP
00021065,Sächsischer Christstollen,"WEIZENMEHL, Sultaninen, Margarine (Palmfett, Wasser, Rapsöl, Emulgatoren Mono - und Diglyceride von Speisefettsäuren und Sonnenblumenlecithine, Säuerungsmittel Citronensäure), Orangeat / Zitronat (Orangen - und Zitronenschalen, Glukose-Fruktosesirup, Zucker, Salz, Säuerungsmittel Citronensäure), Wasser, Zucker, Hefe, MANDELN, Backmittel (SÜSSMOLKENPULVER, MAGERMILCHPULVER, Palmfett, Glukosesirup, MILCHEIWEISS, Mehlbehandlungsmittel Ascorbinsäure), Rum, Salz, Aromen (enthält SOJA, MANDELN), Kokosfett, Dekor: Dekorzucker (Traubenzucker, WEIZENSTÄRKE, Palmfett, natürliches Aroma), BUTTERFETT mit Aroma Vanillin, Zucker, natürliches Vanillearoma. Kann Spuren von SESAM, ERDNÜSSEN, anderen SCHALENFRÜCHTEN und EIPRODUKTEN enthalten.",,,"E300 - Ascorbic acid,E330 - Citric acid",,milk;soy;wheat_gluten;tree_nut,sesame;peanut;egg,BOTH,YES,KEEP
0001509202181,Michigan bread company,"unbleached hard spring wheat flour, malted barley flour, niacin, reduced 70 iron, thiamin riboflavin, folic acid, water, 1% sesame seeds, sugar, salt, 0% soybean oil, hydrogenated soybean oil, hydrogenated cottonseed oil, yeast, enzymes, calcium propionate 0% (preservative). 1 slice (28 g) mononitrate, % dally value 5% 4% 0%",,,,,wheat_gluten;sesame;soy,,DIRECT,YES,KEEP
0000200000020,,"Noix de pécan gril - lées* (100%). (*issu de l'agricul - ture biologique). Peut contenir des traces de fruits à coque, d'arachides et de graines de sésame. EN Ingredients: roasted pecan nuts* (100%). (*from organic farming). May contain traces of pea - nuts, other nuts and sesame seeds. À consommer avant le : voir couvercle/ To be consumed before : see the lid. FR Th",en:nuts,,,,tree_nut,peanut;sesame;tree_nut,BOTH,YES,KEEP
00001004,Concha,"Hartweizengrieß, Frischei (10 %) * &quot;Eler aus Bodenhaltung Kann Spuren von Soja enthalten. Oko DX Ungekocht Energie DURCHSCHNITTLICHE MAHRWERTE pro 100g Fett",,,,,egg;wheat_gluten,soy,BOTH,YES,KEEP
0000112302754,pur soup' mouliné de 5 légumes verts,"Eau, pomme de terre, courgette, poireau, brocoli, haricot vert, oignon, céleri-rave, épinard, carotte, crème fraiche, amidon de maïs, sel. Contient 29% de légumes verts. Peut contenir des traces de blé (gluten) et oeuf.","en:celery,en:gluten,en:milk,en:none",,,,milk,wheat_gluten;egg,BOTH,YES,KEEP
0000112302683,,"eau, potiron 21%, pomme de terre, oignon, jus de tomates à base de concentré, crème, champignons de Paris, amidon transformé de maïs beurre de cuisine, girolles 1,1%, sel, sucre, arômes (contient lait), persil; ail. Peut contenir des traces de céleri, blé (gluten) et oeuf.",en:gluten,,E14XX - Modified Starch,,milk,wheat_gluten;egg,BOTH,YES,KEEP
00002119,,"Chocolat au _lait_ 25% (sucre, beurre de cacao, _lait_ entier en poudre, pâte de cacao, émulsifiant : lécithines (_soja_), arôme naturel de vanille), _œufs_ 19.5%, sucre, noix de coco râpée 13%, _beurre_ concentré, poudre _d'amande_, farine de _blé_ 7%, sirop de glucose-fructose, stabilisant : glycérol, sel, arôme naturel de coco, poudres à lever : carbonates de sodium - citrate de sodium (_blé_). Peut contenir des traces de _fruits à coque_.",en:soybeans,,"E322 - Lecithins,E331 - Sodium citrates,E422 - Glycerol,E500 - Sodium carbonates",,milk;egg;soy;wheat_gluten;tree_nut,,DIRECT,YES,KEEP
00001404,,"Farine de blé 39%, chocolat noir 22% (pâte de cacao, sucre, beurre de cacao, matière grasse laitière anhydre, émulsifiant : lécithines (soja), arôme naturel de vanille), sucre, beurre concentré, huile de colza, lait écrémé en poudre, sel, poudres à lever: carbonates de sodium - citrates de sodium (blé), arôme naturel. : Peut contenir des traces d'œufs, de graines de sésame et de fruits à coque. S",,,"E322 - Lecithins,E322i - Lecithin,E331 - Sodium citrates,E500 - Sodium carbonates",,milk;soy;wheat_gluten,egg;sesame;tree_nut,BOTH,YES,KEEP
0000112301878,pot au feu de légumes aux aromates,"es laisirs % des R.&quot; par NGREDIENTS eau, légumes 27 % (carotte, navet, poireau, pomme de terre, chou vert, céleri, oignon), viande de boeuf cuite 2,2 %, amidon transformé de pomme de terre, sel, arômes (contient : lait, céleri, huile de colza, girofle en poudre, exhausteur de goût: glutamate de sodium, extraits naturels de thym, de laurier et de poivre. Peut contenir des traces de blé et oeuf 3% 3% 1% 3% 3% | | 7% 31% dulte",,,"E14XX - Modified Starch,E621 - Monosodium glutamate",,milk,wheat_gluten;egg,BOTH,YES,KEEP
0000105748562,,"Tomatoes (46%), Pasta Shapes (45%, Water, Durum Wheat Semolina), Water, Sugar, Modified Cornflour, Salt, Acid-Citric Acid, Spice, Garlic Salt, Onion Extract, Spice Extract, Iron Sulphate, Vitamin D. May contain Egg.",,,E330 - Citric acid,,wheat_gluten,egg,BOTH,YES,KEEP
0000112307267,Mouliné de Légumes Verts,"Eau,pomme de terre³,courgette³ , poireau³, haricot vert³, oignon³, céleri-rave³, brocoli³, carotte³, épinard³, amidon de mais³, crème³, sel de mer,arôme naturel. Contient 24% de légumes verts. ³Issus de l'agriculture biologique. Peut contenir des traces de blé (gluten) et œuf.",en:gluten,,,,,wheat_gluten;egg,PRECAUTIONARY,YES,KEEP
0000200003080,walkers,"Potatoes, Vegetable Oils (Sunflower, Rapeseed, in varying proportions), Salt & Vinegar Seasoning [Flavourings, Acids (Citric Acid, Malic Acid), Potassium Chloride, Salt, Dextrose, Sugar, Yeast Extract], Antioxidants (Rosemary Extract, Ascorbic Acid, Tocopherol Rich Extract, Citric Acid). Allergy Advice May Contain: Milk, Wheat, Gluten, Barley, Soya, Celery, Mustard SUITABLE FOR VEGETARIANS Packaged in a Protective Atmosphere WALKERS ered",,,"E296 - Malic acid,E300 - Ascorbic acid,E306 - Tocopherol-rich extract,E330 - Citric acid,E392 - Extracts of rosemary",,,milk;wheat_gluten;soy,PRECAUTIONARY,YES,KEEP
0000112407510,velouté de cresson.,"Eau,pomme de terre 18%, cresson de jardin 4,8%,crème fraîche 2,2%, oignon,amidons transformé de maïs, petits pois, sel,arômes ( contient lait) extrait naturel de poivre. peut contenir des traces de céleri, blé ( gluten ) et œuf.","en:gluten,en:milk",,E14XX - Modified Starch,,milk,wheat_gluten;egg,BOTH,YES,KEEP
0000112302688,,"eau, pomme de terre 15%, oignon 6,6%, lait écrémé reconstitué, amidon transformé de mais, poudre de fromage 1,5%, lardons fumés 1,2% (porc, eau, sel), huile de colza, sel, arômes (contient lait), extraits naturels d'épices. Peut contenir des traces de céleri, de blé (gluten) et d'oeuf.",en:gluten,,E14XX - Modified Starch,,milk,wheat_gluten;egg,BOTH,YES,KEEP
0000200008497,serving contains: Saturates Sugars Salt 0.6g 0.7g,"Potatoes, Vegetable Oils (Sunflower, Rapeseed, in varying proportions), Tomato Ketchup Seasoning [Sugar, Flavourings, Potassium Chloride, Salt, Tomato Powder, Acid (Citric Acid), Colour (Paprika Extract)], Antioxidants (Rosemary Extract, Ascorbic Acid, Tocopherol Rich Extract, Citric Acid). Allergy Advice May Contain: Milk, Wheat, Gluten, Barley, Soya, Celery, Mustard. SUITABLE FOR VEGETARIANS Packaged in a Protective Atmosphere. WALKERS, and the WALKERS logo are registered Trademarks 2025 The HEINZ trademarks are owned by H.J. Heinz Foods UK Limited and are used under license",,,"E160c - Paprika extract,E300 - Ascorbic acid,E306 - Tocopherol-rich extract,E330 - Citric acid,E392 - Extracts of rosemary",,,milk;wheat_gluten;soy,PRECAUTIONARY,YES,KEEP
00001403,Sablés Coco Lait,"Farine de blé 27.5%, chocolat au lait 22% (sucre, beurre de cacao, lait entier en poudre, pâte de cacao, émulsifiant : lécithines (soja), arôme naturel de vanille), sucre, noix de coco râpée 10%, œufs de poules élevées en plein air 9%, beurre concentré, huile de colza, poudres à lever carbonates de sodium - citrates de sodium (blé), lait écrémé en poudre, malt d'orge, sel, émulsifiant : lécithines (soja), arôme naturel de coco. Peut contenir des traces de graines de sésame et de fruits а сoque.",,,"E322 - Lecithins,E322i - Lecithin,E331 - Sodium citrates,E500 - Sodium carbonates",,milk;egg;soy;wheat_gluten,sesame;tree_nut,BOTH,YES,KEEP
0000200008423,Thai sweet chilli sensations,"Potatoes, Vegetable Oils (Sunflower, Rapeseed, in varying proportions), Thai Sweet Chilli Seasoning [Sugar, Soya Sauce Powder (contains Wheat), Fructose, Flavouring, Hydrolysed Vegetable Protein (contains Soya) Potassium Chloride, Salt, Dried Onion, Dried Red Chilli Flakes, Dried Garlic, Dried Parsley, Dried Tomato, Paprika Powder, Red Bell Pepper Powder Acidity Regulator (Citric Acid), Colour (Paprika Extract)], Firming Agent (Calcium Lactate Antioxidants (Rosemary Extract, Ascorbic Acid, Tocopherol Rich Extract, Citric Acid). Allergy Advice Contains: See highlighted ingredients May Contain: Milk, Gluten, Barley, Celery, Mustard Suitable for Vegetarians",,,"E160c - Paprika extract,E300 - Ascorbic acid,E306 - Tocopherol-rich extract,E330 - Citric acid,E392 - Extracts of rosemary",,soy;wheat_gluten,milk,BOTH,YES,KEEP
0000112407493,velouté de potiron,"Eau, potiron 35%, oignon, pomme de terre, carotte, jus de tomates à base de concentré, crème fraiche 1,7%, amidon transformé de maïs, sel, beurre de cuisine, arômes (contient lait). Peut contenir des traces de céleri, blé (gluten) et oeuf.",en:gluten,,E14XX - Modified Starch,,milk,wheat_gluten;egg,BOTH,YES,KEEP
0000200003145,ked e use carefully ty ingredients never fried...,"Potato Flakes, Starch, Rapeseed Oil, Sugar, Emulsifi (Lecithins), Sea Salt Seasoning Sea Salt, Salt, Flavourings), Sunflower Oil, Colour (Annatto Norbixin) ALLERGY ADVICE MAY CONTAIN: MILK, MUSTARD, SOYA WHEAT AND OTHER CEREALS CONTAINING GLUTEN n for More",,,E322 - Lecithins,,,milk;soy;wheat_gluten,PRECAUTIONARY,YES,KEEP
00001422,Le Jambon de nos Régions,"Pea base (pea protein isolate 41%, lentil flour, potato starch, corn flour), sunflower oil, seasoning [onion powder, whey powder (milk), salt, sour cream powder (milk), cheese powder (cheese (milk), milk solids, emulsifier (disodium phosphate)), dextrose, yeast extract, natural flavouring, parsley herb flakes, acidity regulator (citric acid)], antioxidant (rosemary extract). May contain soybeans.",en:milk,,"E330 - Citric acid,E339ii - Disodium phosphate,E392 - Extracts of rosemary",,milk,soy,BOTH,YES,KEEP
0000192495165,Dessert végétal à l'amande et au chocolat et à la noisette,"Lait d'amande* à la noisette* 79% (eau, amande* 3%, noisette* 3%), sucre de canne blond*, riz rond blanc de Camargue*, chocolat noir supérieur* 4% (pâte de cacao*, sucre de canne blanc*, beurre de cacao*, extrait de vanille*), poudre de cacao*, sel de Guérande, épaississant : farine de graines de caroube*. Peut contenir des traces de fruits à coque et de lait. Souligné : Commerce Équitable contrôlé Fair for Life : 54 % du total des ingrédients agricoles. *100% des ingrédients d'origine agricole sont biologiques.",,,,,tree_nut,milk,BOTH,YES,KEEP
0001900014845,,"WHEAT flour, cherry tomatoes 31 5%, water, refined high cleic vegetable sunflower oil, extra virgin olive oil, yeast, salt, malt extract (BARLEY com). spices (rosemary, sage, laurel, fennel seeds, coriander seeds, oregano, pepper, parsley, garlic, marjoram in varying proportions), flavors. Contains GLUTEN. It may contain traces of MILK and milk products EGGS, NUTS, SOYA FISH SESAME seeds, MUSTARD.",,,,,wheat_gluten,milk;egg;tree_nut;soy;sesame,BOTH,YES,KEEP
00001100,Cigarettes Fourrées Chocolat Noisettes,"Fourrage chocolat noisette 55% (chocolat en poudre 44.5%* (sucre, cacao en poudre), graisses de coprah et de palmiste, sucre,_noisette_7,5%';, _lait_écrémé en poudre, émulsifiant : lécithines (_soja_), arôme), farine de blé, sucre, fructose,_lait_écrémé en poudre, graisse de coprah, colorant: caramel ordinaire, émulsifiant: lécithines (_soja_), sel.  *exprimés sur le fourrage équivalent respectivement à 24,4% et 4,1% sur l'ensemble du produit.","en:gluten,en:milk,en:nuts,en:soybeans",,"E150a - Plain caramel,E322 - Lecithins",,milk;soy;wheat_gluten;tree_nut,,DIRECT,YES,KEEP
0000103529964,impact protein whey,"whey protein concentrate (milk) (96%) (contains emulsifiers (soya lecithin, sunflower lecithin)), fat reduced cocoa powder, flavouring, sweetener (sucralose). allergen information: for allergens, see ingredients in bold. important information: store in a cool, dry place away from direct sunlight. this product is intended to be used alongside a varied and balanced diet and a healthy lifestyle. suitable for vegetarians. *naturally occurring bcaas fr: concentré de protéines de lactoserum en poudre prête à l'emploi. saveur chocolat onctueux. contient de l'edulcorant. conseils d'utilisation: mélanger 30g (environ 1 cuillère) de poudre à 250ml d'eau ou de lait et consommer 30 minutes avant et/ou après un entrainement. la poudre se tasse avec le temps. il est conseillé de la peser pour obtenir une dose précise. portion: 30g, portions par contenant: 33. valeurs nutritionnelles: pour 100g (par portion de 30g), valeur énergétique 1590kj/",en:milk,,"E322 - Lecithins,E322i - Lecithin,E955 - Sucralose",,milk;soy,,DIRECT,YES,KEEP
0001757016092,Finest Milk Chocolate,"SUGAR, COCOA BUTTER, HAZELNUTS, WHOLE MILK POWDER, COCOA MASS RUM - RAISINS [RAISINS, RUM 60% VOL., RUM FLAVOR], LACTOSE, WHEY POWDER, HAZELNUT PASTE, EMULSIFIER: SOY LECITHIN, FLAVOR: VANILLE EXTRACT. COCOA SOLIDS: 31% MINIMUM IN CHOCOLATE.",,,"E322 - Lecithins,E322i - Lecithin",,milk;soy;tree_nut,,DIRECT,YES,KEEP
00001240,Coop Croissant med Sjokolade 85g,"Hvetemel, smør (fløte (melk), melkesyrebakterier), fyll (sukker, vegetabilsk olje og fett (raps, shea, kokos), hasselnøtt, fettredusert kakaopulver, skummet melk, vegetabilsk emulgator (soyalecitin), aroma (vanilin)), vann, gjær sukker, dekor (kakaomasse, sukker, kakaosmør, melkefett, vegetabilsk emulgator (E 322 (soyalecitin)) egg, salt, hvetegluten, enzym, melbehandlingsmiddel (E 300)",,,"E300 - Ascorbic acid,E322 - Lecithins",,milk;egg;soy;wheat_gluten;tree_nut,,DIRECT,YES,KEEP
00013826,Le jurassien,"Pain triangle aux CEREALES 37,7% : PATE (farine de BLE (farine de BLE, GLUTEN de BLE, farine de BLE malté, levure désactivée)), eau, dextrose, graines de tournesol 1,5%, sel, levure, poudre de BEURRE, perméat de LACTOSERUM, émulsifiant : E471e, GLUTEN de BLE, graines de millet 0,3%, graines de SESAME 0,3%, colorant : E160iii, agent de traitement de la farine : E300. décor GRAINES 3% (millet 45%, SESAME 35%, pavot 20%) Garniture 62,3% : concombre 30,3%, radis rouge 24,2%, carottes râpées 12,1%, COMTE 12,1% ( LAIT de vache, sel, FERMENTS LACTIQUES, présure), FROMAGES aux 4 poivres 12,1% (FROMAGE frais, eau, CREME, sel 1,5%, poivres 0,3% : vert, blanc, noir, baies roses, poivrons, arômes de BLE, dextrose), salade de batavia 9,1% (% exprimés sur la garniture)",,,E300 - Ascorbic acid,,milk;wheat_gluten;sesame,,DIRECT,YES,KEEP
0001000657163,Tortellini Ricotta Epinard,"pâtes: farine de blé tendre, œuf pasteurisé, semoule de blé dur, eau fourrage; fromage ricotta (lactosérum, lait, sel,  régulateur d'acidité: acide citrique, acide lactique), épinards, flocons de pomme de terre, fromage mozzarella (lait), huile de tournesol, fromage en poudre, fromage (lait), lactosérum en poudre (lait), sels émulsifiants: citrate monosodique, beurre (lait), lactose (lait), chapelure (farine de blé, sel, levure), farine de riz, fibre de blé, sel, noix de muscade.","en:eggs,en:gluten,en:milk",,"E270 - Lactic acid,E330 - Citric acid,E331 - Sodium citrates,E331i - Monosodium citrate",,milk;egg;wheat_gluten,,DIRECT,YES,KEEP
0000221608851,Mr Kipling 6 chocolate and caramel Bakewell tarts,"Wheat Flour, Sugar, Vegetable Oils, Glucose Syrup, Caramel Sauce 9% (Glucose Syrup, Sweetened Condensed Milk (Milk, Sugar), Water, Humectant (Vegetable Glycerine), Unsalted Butter (Milk), Sugar, Dextrose, Fructose, Gelling Agent (Pectin), Salt, Acidity Regulator (Sodium Citrates), Flavouring), Water, Icing Sugar, Cacao Nibs 1%, Humectant (Vegetable Glycerine), Ground Rice, Whey Powder (Milk), Skimmed Milk Powder, Fat Reduced Cocoa Powder 0.6%, Dried Egg White, Barley Malt Extract, Salt, Dextrose, Emulsifiers (Sorbitan Monostearate, Polysorbate 60), Raising Agents (Disodium Diphosphate, Sodium Bicarbonate), Preservatives (Potassium Sorbate, Sulphur Dioxide (Sulphites)), Flavouring (Sulphites). CONTAINS: WHEAT, GLUTEN, MILK, EGG, SULPHITES. MAY CONTAIN TREE NUTS. N N N M W B CO C 0 Be Fo Ca C AL ap Pr D&D W","en:milk,en:sulphur-dioxide-and-sulphites",,"E202 - Potassium sorbate,E220 - Sulphur dioxide,E331 - Sodium citrates,E422 - Glycerol,E435 - Polyoxyethylene sorbitan monostearate,E440 - Pectins,E450 - Diphosphates,E450i - Disodium diphosphate,E491 - Sorbitan monostearate,E500 - Sodium carbonates,E500ii - Sodium hydrogen carbonate",,milk;egg;wheat_gluten,tree_nut,BOTH,YES,KEEP
0002114016000,Unseasoned Plain Bread Crumbs,"Enriched flour (flour, malted barley, niacin, ferrous sulfate, thiamine mononitrate [vitamin b1], riboflavin [vitamin b2], folic acid), high fructose corn syrup, corn syrup, partially hydrogenated vegetable oil (soybean and/or cottonseed and/or corn and/or canola oils), water, salt. contains 2 percent or less of yeast, honey, molasses, sugar, wheat gluten, whey, soy flour, whole wheat flour, rye flour, corn flour, oat bran, oat flour, corn meal, rice flour, potato flour, butter, dough conditioners (mono-and diglycerides, sodium and/or calcium stearoyl lactylate, soy lecithin, calcium carbonate), yeast nutrients (ammonium sulfate, calcium sulfate, monocalcium phosphate), distilled vinegar, skim milk, buttermilk, lactic acid, calcium propionate (preservative), potassium sorbate (preservative), sesame seeds, sunflower seeds, eggs.","en:eggs,en:milk,en:sesame-seeds",,"E170 - Calcium carbonates,E170i - Calcium carbonate,E202 - Potassium sorbate,E270 - Lactic acid,E282 - Calcium propionate,E322 - Lecithins,E322i - Lecithin,E341 - Calcium phosphates,E341i - Monocalcium phosphate,E471 - Mono- and diglycerides of fatty acids,E516 - Calcium sulphate,E517 - Ammonium sulphate",,egg;milk;soy;wheat_gluten;sesame,,DIRECT,YES,KEEP
00000570,Mix Energie Superfood,"abricots , figues , mûres , graines de tournesol *, graines de citrouille *, noix mélangées (amandes brunes, noix du Brésil *, amandes blanches , noix de cajou *, noix *, noisettes *), canneberges *, jus de pomme *, huile de tournesol * ), dadelstuk dadeistukjes * (dates *, farine de riz *), incabesse *, baies de goji * apricots *, figs *, blackberries *, sunflower seeds *, pumpkin seeds * mixed nuts * (brown almonds , Brazil nuts*, white almonds *, cashews *, nuts *, hazelnuts *), cranberries *, apple juice sunflower oil *), dadelstuk dadelstukjes * (dates*, rice flour *), incabesse , goji berries *",,,,,tree_nut,,DIRECT,YES,KEEP
00002155,Madeleines Bijou,"Farine de_blé_, chocolat au_lait_18% (sucre, beurre de cacao, poudre de_lait_entier, pâte de cacao, émulsifiant : lécithines (_soja_), arômes), huile de colza, _œufs_ frais 14%, sucre, poudre de _noisette_6%, sirop de glucose-fructose, stabilisant : glycérol, poudres à lever : carbonates d'ammonium - carbonates de sodium - diphosphates (_blé_), arôme, émulsifiants : mono et diglycérides d'acides gras, sel,_lait_écrémé en poudre.","en:eggs,en:gluten,en:milk,en:nuts,en:soybeans",,"E322 - Lecithins,E422 - Glycerol,E450 - Diphosphates,E471 - Mono- and diglycerides of fatty acids,E500 - Sodium carbonates,E503 - Ammonium carbonates",,egg;milk;soy;wheat_gluten;tree_nut,,DIRECT,YES,KEEP
00018579,Aunt Maple's Crunchy Granola,"Organic rolled oats, flame raisins, organic coconut chips, organic maple syrup, sunflower oil, walnuts, roasted diced almonds, wheat germ, honey, crunchy almond butter (dry roasted almonds), hazelnuts, almonds, organic ground cinnamon, organic vanilla extract.",,,,,wheat_gluten;tree_nut,,DIRECT,YES,KEEP
00001238,Spaghetti in Käse-Sahne-Sauce,"Hvetemel, smør (fløte (melk), melkesyrebakterier), fyll (sukker, vegetabilsk olje og fett (raps, shea, kokos), hasselnøtt, fettredusert kakaopulver, skummet melk, vegetabilsk emulgator (soyalecitin), aroma (vanilin)), vann, gjær sukker, dekor (kakaomasse, sukker, kakaosmør, melkefett, vegetabilsk emulgator (E 322 (soyalecitin)) egg, salt, hvetegluten, enzym, melbehandlingsmiddel (E 300).",,,"E300 - Ascorbic acid,E322 - Lecithins",,egg;milk;soy;wheat_gluten;tree_nut,,DIRECT,YES,KEEP
00000274,Protine,"Whole Food Protein Blend (Beef Protein Isolate, Pea Protein, Brown Rice Protein, Chicken Protein, Egg Albumin, Salmon Protein), Natural and Artificial Flavors, Cookie Pieces (Sugar, Unbleached Enriched Flour [Wheat Flour, Niacin, Reduced Iron, Thiamine Mononitrate {Vitamin B1}, Riboflavin {Vitamin B2}, Folic Acid], High Oleic Canola Oil and/or Palm Oil and/or Sunflower Oil, Cocoa [Processed with Alkali], High Fructose Corn Syrup, Leavening [Baking Soda and/or Calcium Phosphate], Soy Lecithin, Vanillin [an Artificial Flavor], Chocolate), Milk Powder (for creaminess), Cellulose Gum, Medium Chain Triglyceride (MCT) Oil Powder, Salt, Sucralose, Acesulfame Potassium, Maltodextrin",,,"E322 - Lecithins,E322i - Lecithin,E341 - Calcium phosphates,E466 - Sodium carboxy methyl cellulose,E500 - Sodium carbonates,E500ii - Sodium hydrogen carbonate,E950 - Acesulfame k,E955 - Sucralose",,egg;milk;soy;wheat_gluten,,DIRECT,YES,KEEP
00000680,Lomo ibérico de bellota,"enriched wheat flour (flour, malted alue barley flour, reduced iron, niacin, thiamin mononitrate owvitamin b1), riboflavin (vitamin b2), folic acidj, water, in whole wheat flour, sugar, yeast, wheat gluten, cellulose fiber, calcium sulfate, salt, soybean oil, preservatives (calcium propionate, sorbic acid), soy flour, monoglycerides, datem, citric acid, soy lecithin, vitamin d3, potassium iodate, grain vine - gar, monocalcium phosphate. contains wheat, soy. r17-212-202308 79423","en:gluten,en:soybeans",,"E200 - Sorbic acid,E282 - Calcium propionate,E322 - Lecithins,E322i - Lecithin,E330 - Citric acid,E341 - Calcium phosphates,E341i - Monocalcium phosphate,E472e - Mono- and diacetyltartaric acid esters of mono- and diglycerides of fatty acids",,soy;wheat_gluten,,DIRECT,YES,KEEP
00012162,Whey Protein Hazelnuss Kakao,"BASIC INGREDIENTS, NEUTRAL: Mixture of whey proteins (whey protein concentrate, whey protein isolate, whey protein hydrolysate); emulsifier soy lecithins. BASIC INGREDIENTS OF OTHER VARIETIES: Mixture of whey proteins (whey protein concentrate, whey protein isolate, whey protein hydrolysate); flavouring, emulsifier: soy lecithins; thickener. xanthan gum, quar qum, sodium carbony methyí cllulose; sweetener: acesulfame K, sucralose; anti-caking agent: silicon dioxide. CHOCOLATE, CHOCOLATE-MINT: 5 % cocoa, colour: ammonia caramel; salt, colour: carmines. HAZELNUT CHOCOLATE: 1.5% cocoa, salE COOKIES & CREAM, VANILLA COOKIES biscuit pieces (wheat flour, sugar, palm fat, low-fat cocoa powder, salt, raising agent: ammonium carbonates, sodium hydrogen carbonate, potassium carbonates), salt. DOUBLE CHOCOLATE: 5% cocoa, salt. BUTTER BISCUIT: 5% biscuit pieces (wheat flour, sugar % butter, wheat starch, glucose-fructose syrup, skimmed milk powder, salt, sweet whey powder, natural bourbon vanilla flavouring), salt. LATTE MACCHIATO: 2.15 % instant coffee, colour: caramels; salt. TOFFEE: Colour: caramels; salt,instant coffee CHOCO - LATE-COCONUT: 4% cocoa, 2% coconut flakes, colour: caramels; salt, colour: carmines. STRAWBERRY-WHITE CHOCOLATE: 5 % white chocolate chips (sugar, cocoa mass, whole milk powder, emulsifier: lecithins), acid: citric acid; salt. TRIPLE CHOCOLATE: 6 % dark chocolate (2.5% cocoa, sugar, cocoa mass, cocoa powder, emulsifier: soy lecithins); 5% cocoa. CHOCOLATE BUTTER BISCUIT: 5 % cocoa, 5% biscuit pieces (wheat flour, sugar, 11% butter, wheat starch, glucose-fructose sirup, skimmed milk powder salt, sweet whey powder, natural bourbon vanilla flavour), salt, caramel. CINNAMON ROLL: Cinnamon, salt. WHITE CHOCOLATE: 5 % white chocolate chips (sugar, cocoa mass, whole milk powder, emulsifier: lecithins), salt. YOGHURT PEACH: acid: citric acid; salt. RED BANANA: colour: carotenes, carmines, BLACK FOREST CAKE: 5 % dark chocolate (2.5 % cocoa, sugar, cocoa mass, cocoa powder, emulsifier: soy lecithins), 5 % cocoa, instant caramel, salt. BANANA BREAD: Salt, BISCUIT: cinnamon. STRACCIATELLA: 6% Dark chocolate pieces (sugar, cocoa mass, cocoa powder, emulsifier: soy lecithins). CHOCOLATE BROWNIE: 5% Cocoa, caramel, salt, colour: carmines. May contain traces of gluten and eggs. NOTE: Itis recommended mot to exceed one serving per day. This product is not a substitute for a varied and balanced diet and a healthy lifestyle.",,,"E120 - Cochineal,E150 - Caramel,E150c - Ammonia caramel,E160a - Carotene,E322 - Lecithins,E330 - Citric acid,E415 - Xanthan gum,E500 - Sodium carbonates,E500ii - Sodium hydrogen carbonate,E503 - Ammonium carbonates,E551 - Silicon dioxide,E950 - Acesulfame k,E955 - Sucralose",,milk;soy,,DIRECT,YES,KEEP
00011723,Pistachio almond cookies,"Farine de blé contient Gluten (avec Farine de blé, Carbonate de calcium, Fer, Niacine, Thiamine) • Beurre (Lait) (23%) • Sucre • Eclats de pistaches (14%) • Éclats d'amandes (8%) • Sirop de sucre inverti • Poudre à lever : E450, E503, Bicarbonate de soude • Lait en poudre . Sel.",en:milk,,"E450 - Diphosphates,E500 - Sodium carbonates,E500ii - Sodium hydrogen carbonate,E503 - Ammonium carbonates",,milk;wheat_gluten;tree_nut,,DIRECT,YES,KEEP
0000124024111,Protein original,"WATER, OAT FIBER, WHOLE WHEAT FLOUR, FABA BEAN PROTEIN, WHEAT GLUTEN, FLAX, PEA PROTEIN, UNBLEACHED ENRICHED WHEAT FLOUR (UNBLEACHED WHEAT FLOUR, NIACIN, REDUCED IRON, THIAMINE MONONITRATE, RIBOFLAVIN, FOLIC ACID), CANOLA OIL, WHEAT BRAN, SALT, PRESERVATIVES (POTASSIUM SORBATE, CALCIUM PROFIONATE), WHEAT GERM, YEAST, POTASSIUM BICARBONATE, SODIUM ACD PYROPHOSPHATE, MONO AND DIGLYCERIDES, FUMARIC ACID (CONTAINS SOYBEAN OIL AND/OR PALM OIL AND/OR COTTONSEED OIL), CELLULOSE GUM, GUAR GUM, XANTHAN GUM, ENZYMES. Added Sugars 0% CONTAINS: WHEAT. MAY CONTAIN MILK INGREDIENTS, SOY, SULFITES. g 0%",,,"E202 - Potassium sorbate,E297 - Fumaric acid,E412 - Guar gum,E415 - Xanthan gum,E450 - Diphosphates,E466 - Sodium carboxy methyl cellulose,E471 - Mono- and diglycerides of fatty acids,E501 - Potassium carbonates,E501ii - Potassium hydrogen carbonate",,wheat_gluten,milk;soy,BOTH,YES,KEEP
0001202312202,Tiramisu cheescake,"Unsweetened Soya Milk [Water, Soya Beans, Calcium, Natural Flavouring, Stabiliser: Gellan Gum, Vitamins (B2, B12, D2)], Cashew, Maple Syrup, Oats, Coconut Milk, Ground Almonds, Coconut Oil, Dark Chocolate (6%) [Organic Cocoa Mass (67%), Organic Coconut Sugar, Organic Cocoa Butter], Cocoa Powder, Lemon Juice, Vanilla Extract (1.0%), Coffee (0.3%), Sea Salt","en:gluten,en:nuts,en:soybeans",,E418 - Gellan gum,,soy;tree_nut,,DIRECT,YES,KEEP
0000200010474,"40 SUME SEL POTATOES, WE SEE POTENTIAL 100% GREAT","Potatoes, Vegetable Oils (Sunflower, Rapeseed, in varying proportions), Smoky Bacon Seasoning (Flavourings, Yeast Extract, Salt, Yeast Powder, Potassium Chloride, Acids (Citric Acid, Malic Acid), Colour (Paprika Extract), Antioxidants (Rosemary Extract, Ascorbic Acid, Tocopherol Rich Extract, Citric Acid) Allergy Advice May Contain: Milk, Soya, Mustard, Wheat and other cereals containing gluten SUITABLE FOR VEGETARIANS Packaged in a Protective Atmosphere WALKERS and the WALKERS logo are registered Trademarks 2025",,,"E160c - Paprika extract,E296 - Malic acid,E300 - Ascorbic acid,E306 - Tocopherol-rich extract,E330 - Citric acid,E392 - Extracts of rosemary",,,milk;soy;wheat_gluten,PRECAUTIONARY,YES,KEEP
00001253,Coop Smultringer 43g,"Hvetemel, sukker, egg, vann, fløte, vegetabilsk olje (soyaolje, palmeolje, kokosolje, palmestearin, rapsolje),  mysepulver, syrnet kjernemelkpulver, skummet tørrmelk, yoghurtaroma, melkesyrepulver, konserveringsmiddel (E 1520, E 281), bakepulver, hornsalt, kardemomme, aroma, emulgator (E 471), surhetsregulerende middel (E 331).",,,"E1520 - Propylene Glycol,E281 - Sodium propionate,E331 - Sodium citrates,E471 - Mono- and diglycerides of fatty acids",,milk;egg;soy;wheat_gluten,,DIRECT,YES,KEEP
00000128,Il caffè del benessere,"bulking agents(microcrystalline cellulose, dicalcium phosphate), vitamin k2 (mk7), anti-caking agents (magnesium stearate)",,,"E341 - Calcium phosphates,E341ii - Dicalcium phosphate,E460 - Cellulose,E460i - Microcrystalline cellulose,E572 - Magnesium stearate",,,,EXCLUDE,NO,EXCLUDE
00000100,,"Beetroot extract, Quercetin, L-Citrulline, Schisandra fruit extract, Pomegranate fruit extract, Pine Bark extract, Hawthorn Berry extract, Celery Seed extract, Cane Sugar, Natural Flavors, Citric Acid",en:mustard,,E330 - Citric acid,,,,EXCLUDE,NO,EXCLUDE
00000777,Legion Whey (French Vanilla),"Ingredienti Magnesio bisglicinato in polvere, Idrossido di calcio, Involucro della capsula (Idrossipropilmetilcellulosa), Acido L-Ascorbico (Vitamina C), Cloruro di potassio, Fumarato ferroso, Polvere di calendula (Calendula officinalis, Fiore) (Luteina), Tocoferolo acetato (Vitamina E), Niacina (Vitamina B3), Gluconato di manganese, Ossido di zinco, Estratto di tagete francese (Tagetes erecrta L., Fiore) (Zeaxantina), Gluconato di rame, Acido pantotenico (Vitamina B5), Retinolo acetato (Vitamina A), Colecalciferolo (Vitamina D3), Riboflavina (Vitamina B2), Tiamina HCI (Vitamina B1), Piridossina HCl (Vitamina B6), Cromo picolinato, loduro di potassio, Metilcobalamina (Vitamina B12), Acido folico (Vitamina B9), Biotina HCl (Vitamina B7), Molibdato di sodio, Estratto di crusca di riso.",,,,,,,EXCLUDE,NO,EXCLUDE
0000103010104,Vita-antioxydant,"bwe ro/o ouumy et wh Supplement Facts Serving Size: 2 Tablets Servings Per Container: 56 Amount Per Serving Vitamin A (as 25% (516 mcg) % DV Amount Per Serving %DV 40 mg 1804 ug RAE 200 % | Mixed Tocopherols (D-gamma, D-delta, D-beta Tocopherol) InCelligence TM Complex Retinyl Acetate and 75% (2700 mcg) as Beta Carotene, Mixed Carotenoids) Vitamin C (as Poly C® blend: Potassium, 200 mg Calcium, Magnesium, and Zinc Ascorbates) Vitamin D3 (as Cholecalciferol) 50 mg 36 mg 222% Alpha Lipoic Acid Meriva Bioavailable Curcumin Complex (Curcuma longa L., root)* 25 ug 125% Vitamin E (as d-alpha-Tocopheryl Succinate)67 mg 447% Vitamin K (as K1 [Phytonadione] 240 ug, 270 ug 225% Extract 35 mg (Camellia sinensis hunt, leaves) Quercetin Dihydrate Rutin Hesperidin (Citrus spp. L., fruit) Resveratrol Olivol® (Olive Fruit Extract, Olea europaea L., fruit)** 30 mg 20 mg 20 mg 20 mg 15 mg 64 mg 6 mg and K2 [MK-7 Menaquinone] 30 ug) Thiamine (Vitamin B1) Riboflavin (Vitamin B2) Niacin (as Niacin and Niacinamide) Vitamin B6 (as Pyridoxine HCL) Folate (as 300 ug Folic Acid) Vitamin B12 (as Cyanocobalamin) 15 mg 1250% 15 mg 1154% 20 mg NE 125% 16 mg 941% 500 ug DFE 125% 100 ug 4167% | Inositol 150 ug 500% | Coenzyme Q10 Biotin Pantothenic Acid (as D-Calcium Pantothenate) 45 mg 900% 300 ug 500 ug Lutein (Tagetes erecta L., flower) Choline (as Choline Bitartrate) 51 mg 9% Lycopene t Daily Value (DV) not established Ouer oredients: Microcrystalline Cellulose, Modified Starch, Vegetable Fatty Acid, Croscarmallose Sodium ioodd Organic Maltodetrin, Vanilla Extract Organic Sunflower Lecithin. Organic Palm Clein oreame",,,"E14XX - Modified Starch,E161b - Lutein,E460 - Cellulose,E460i - Microcrystalline cellulose",,,,EXCLUDE,NO,EXCLUDE
00000177,Bio Gerstengras Pulver,"Sorbitol, Glycerin , Water, Carboxymethylcellulose sodium, Potassium sorbate",,,"E202 - Potassium sorbate,E420 - Sorbitol,E422 - Glycerol",,,,EXCLUDE,NO,EXCLUDE
00000052,Organic Erythritol Granulated,100% certified organic granulated erythritol,,,E968 - Erythritol,,,,NONE,YES,KEEP
00000037,Sea Moss Gummies,"Glucose Syrup, Sugar, Water, Citric Acid, Pectin, Natural Flavors, Sodium Citrate, Coconut Oil, Carnauba Wax",,,"E330 - Citric acid,E331 - Sodium citrates,E440 - Pectins,E903 - Carnauba wax",,,,NONE,YES,KEEP
00000273,Superfruit Organic Freezie Pops,"Organic white grape juice, Organic apple juice, Organic strawberry purée, Organic lemon juice, Organic guar gum, Organic strawberry flavor, Organic mango purée, Organic mango flavor, Organic blueberry purée, Organic pomegranate juice, Organic berry flavor",,,E412 - Guar gum,,,,NONE,YES,KEEP
00000095,Chopped spinach,"Sugar Cane, Glucose Syrup (Corn Syrup), Water, Citrus Pectin, Citric Acid, Sodium Citrate, Natural and Artificial Flavors, Betacarotene.",,,"E330 - Citric acid,E331 - Sodium citrates,E440 - Pectins",,,,EXCLUDE,NO,EXCLUDE
00015769,Salade Crous Bowl,"Salade mélangée 35.3%. salade quinoa BOULGOUR cranberry 35,3% (boulgour de BLE réhydraté 37,9% [eau, BLE dur précuit ] quinoa cuit 20%, tomate 10%, huile de colza, concombre 7%, courgette 5%, cranberries 4% [cranberries, sucre, huile de tournesol], raisin golden 4% [agent d'enrobage : huile de tournesol], jus concentré de citron, menthe, vinaigre d'alcool, sel, persil, ail, conservateur : E202, piment doux) pomme 11,8%, chou rouge émincé 4,7%, carottes râpées 4,7%, NOIX DE CAJOU grillées 4,7%, radis",,,E202 - Potassium sorbate,,wheat_gluten;tree_nut,,DIRECT,YES,KEEP
00000147,Pan,"Pâtes à l'épeautre - Rêve de Neptune - Spelt neptunes dream (500g e) Ingrédients Ingrediënten speltbloem*, tomaat*, spinazie*, biet&quot;, spirulina* farine d'épeautre *, tomates *, épinards *, betteraves *, spiruline *",,,,,wheat_gluten,,DIRECT,YES,KEEP
0000104647847,golden barrel butter flavored coconut oil,"refined coconut oil, artificial butter flavor, beta carotene color. sta",,,,,,,NONE,YES,KEEP
00000035,Cardiofitmd,"Oat Fiber, Tahl Gum (Acacia seyal), Apple Fiber, Guar Gum, Rice Bran Fiber, Beet Root Powder, Beet Juice Powder, Rhodiola Root Powder, Bacillus Coagulans, Natural Vanilla and Lemonade Flavors, Other Natural Flavors, Malic Acid, Stevia Leaf Extract, Fumaric Acid, Ginger Root Powder, Tartaric Acid",,,"E296 - Malic acid,E297 - Fumaric acid,E334 - L(+)-tartaric acid,E412 - Guar gum,E960 - Steviol glycosides",,,,EXCLUDE,NO,EXCLUDE
00000152,Pure Creatine Monohydrate,"Sweeteners: erythritol (E-968) and steviol glycosides from stevia (E-960a) (0,3%).",,,"E960a - Steviol glycosides from Stevia,E968 - Erythritol",,,,EXCLUDE,NO,EXCLUDE
00000341,Hydration Mix,"Vitamin B Blend, Biotin, Choline Bitartrate, Vitamin B12, Folic Acid, Inositol, Niacin, Pantothenic Acid, Riboflavin, Thiamine Hydrochloride, Amino Acid Blend, L-Leucine, L-Valine, L-Isoleucine, Glycine, L-Glutamine, Taurine, Mineral Blend, Calcium, Magnesium, Potassium, Zinc, Natural Flavour, Citric Acid, Sodium Chloride, Sucralose, Silicon Dioxide, Beet Root Powder, Stevia Leaf Extract, Spirulina Extract, Elderberry Extract, Fruit and Vegetable Juice, Malic Acid, Calcium Silicate, Calcium Lactate, Calcium Phosphate, Calcium Carbonate, Magnesium Oxide, Magnesium Phosphate, Magnesium Carbonate, Magnesium Hydroxide, Magnesium Sulfate, Magnesium Chloride, Potassium Citrate, Potassium Bicarbonate, Potassium Chloride, Potassium Phosphate, Potassium Sulfate, Zinc Citrate, Zinc Gluconate, Zinc Oxide, Zinc Sulfate, Zinc Hydroxide, Zinc Carbonate, Zinc Chloride, Zinc Acetate, Zinc Picolinate, Zinc L-Carnosine, Zinc Aspartate, Zinc Orotate, Zinc Glycinate, Zinc Methionine, Zinc Histidine, Zinc Carnosine, Zinc Monomethionine, Zinc Bisglycinate, Zinc Hydrolyzed Vegetable Protein Chelate",,,"E296 - Malic acid,E330 - Citric acid,E515 - Potassium sulphates,E552 - Calcium silicate,E640 - Glycine and its sodium salt,E640i - Glycine,E955 - Sucralose,E960 - Steviol glycosides",,,,EXCLUDE,NO,EXCLUDE
00000471,ISO whey zero,"Lion's Mane Mushroom, Turkey Tail Mushroom, Reishi Mushroom, Chaga Mushroom, Maitake Mushroom, Shiitake Mushroom, King Trumpet Mushroom, Royal Sun Mushroom, Willow Bracket Mushroom, Organic Coffee Powder",,,,,,,EXCLUDE,NO,EXCLUDE
00000134,Erythritol,Eritritol (100%). Store in a cool and dry place. Excessive consumption may have a laxative effect. Almacenar en un lugar fresco y seco. Un consumo excesivo puede producir efectos laxantes. Best Before End/ Batch: See package,,,E968 - Erythritol,,,,NONE,YES,KEEP
00000131,Confiture de fraise mara des bois,"Erythritol, Monk Fruit Extract",,,E968 - Erythritol,,,,EXCLUDE,NO,EXCLUDE
00000261,Prebiotic Fiber Gummies,"Chicory root fiber, water, pectin, agar agar, tapioca starch, trisodium citrate, citric acid, natural flavors, black carrot concentrate, chlorophyll, carnauba wax.",,,"E140 - Chlorophylls and Chlorophyllins,E140i - Chlorophylls,E330 - Citric acid,E331 - Sodium citrates,E331iii - Trisodium citrate,E406 - Agar,E440 - Pectins,E903 - Carnauba wax",,,,NONE,YES,KEEP
00000127,Whey Protein - Chocolate,"L-choline-bitartrate 168mg, extrait de racine de chicorée de Bruxelles (Cichorium intybus L. sativum) 350mg, enveloppe de la capsule (hydroxypropylméthycellulose), extrait de coeur et de pétale d'artichaut (Cynara scolymus) 210mg, extrait de racine de pissenlit (Taraxacum officinale) 210mg, extrait de rhizome de curcuma (Curcuma longa) 140mg dont 95% de curcuminoïdes 133mg",,,,,,,EXCLUDE,NO,EXCLUDE
