code,product_name,ingredients_text,allergens,allergens_en,additives_en,confirmed_allergens,potential_allergens,evidence_level,evidence_text,review_status
00000013,Powdered peanut butter,"Water, Leptospermum Scoparium Mel (Manuka Honey), Sodium C14-C16 Olefin Sulfonate, Cocamide DIPA ,  Cocamidopropyl Betaine (Coconut Oil), Cocamidopropyl Betaine (Coconut Oil), Glycereth-2 Cocoate, Melaleuca Alternifolia (Tea Tree) Leaf Oil, Malus Domestica Fruit Cell Culture Extract, Phenoxyethanol (and) Ethylhexylglycerin",,,,,,UNCERTAIN,"Water, Leptospermum Scoparium Mel (Manuka Honey), Sodium C14-C16 Olefin Sulfonate, Cocamide DIPA ,  Cocamidopropyl Betaine (Coconut Oil), Cocamidopropyl Betaine (Coconut Oil), Glycereth-2 Cocoate, Melaleuca Alternifolia (Tea Tree) Leaf Oil, Malus Domestica Fruit Cell Culture Extract, Phenoxyethanol (and) Ethylhexylglycerin",MANUALLY_REVIEWED
00000020,Nesquik moins de sucre,"Nuts (Peanuts, Almonds), Prebiotic Blend (Tapioca Fiber, Vegetable Fiber), Protein Blend (Pea Protein Crisps [Pea Protein, Tapioca Starch], Pea Protein), Natural Flavors, Peanut Flour, Coconut Oil, Unsweetened Chocolate, Cocoa, Cocoa Butter, Sea Salt, Lion's Mane, Stevia Plant Extract, Vitamin E","en:eggs,en:gluten,en:milk,en:soybeans",,,peanut;tree_nut,,DIRECT,"Nuts (Peanuts, Almonds), Prebiotic Blend (Tapioca Fiber, Vegetable Fiber), Protein Blend (Pea Protein Crisps [Pea Protein, Tapioca Starch], Pea Protein), Natural Flavors, Peanut Flour, Coconut Oil, Unsweetened Chocolate, Cocoa, Cocoa Butter, Sea Salt, Lion's Mane, Stevia Plant Extract, Vitamin E",MANUALLY_REVIEWED
00000137,Peanut Brittle,"Sugar, glucose syrup, peanuts (30%)",,,,peanut,,DIRECT,"Sugar, glucose syrup, peanuts (30%)",MANUALLY_REVIEWED
00000231,Bramwells American Style Peanut Butter,"Fructose, Soy Protein Isolate, Calcium Caseinate, Cocoa Powder, Casein, Oat Fiber, Cellulose Powder, Vegetable Stabilizer Guar Gum, Vitamins Premix, Minerals Premix, Canola Oil, Salt, Anticaking Agent Silicon Dioxide, Vegetable Emulsifier Lecithin Liquid, Anticaking Agent Dicalcium Phosphate, Thickener Carrageenan, dl-Methionine, Vegetable Emulsifier Lecithin Liquid, Anticaking Agent Silicon Dioxide, Vegetable Thickener Citrus Pectin, Psyllium Husk Powder, Hibiscus Sabdariffa Powder, Papaya Fruit Powder, Digestive Aids Papain and Bromelain",,,"E341 - Calcium phosphates,E341ii - Dicalcium phosphate,E407 - Carrageenan,E412 - Guar gum,E440 - Pectins,E551 - Silicon dioxide",soy;milk,,DIRECT,"Fructose, Soy Protein Isolate, Calcium Caseinate, Cocoa Powder, Casein, Oat Fiber, Cellulose Powder, Vegetable Stabilizer Guar Gum, Vitamins Premix, Minerals Premix, Canola Oil, Salt, Anticaking Agent Silicon Dioxide, Vegetable Emulsifier Lecithin Liquid, Anticaking Agent Dicalcium Phosphate, Thickener Carrageenan, dl-Methionine, Vegetable Emulsifier Lecithin Liquid, Anticaking Agent Silicon Dioxide, Vegetable Thickener Citrus Pectin, Psyllium Husk Powder, Hibiscus Sabdariffa Powder, Papaya Fruit Powder, Digestive Aids Papain and Bromelain",MANUALLY_REVIEWED
00000259,Barrette cioccolato e arachidi 1 barretta 35g.,"Concentré de protéines de lait (protéines de lactosérum, caséinate de calcium (contient du lait)), sirop de glucose, sirop de fructose, enrobage au chocolat au lait (17 %) (sucre, poudre de lait, beurre de cacao, pâte de cacao, émulsifiant (lécithine de soja), arôme), pâte d'arachide (10 %), gélatine, riz soufflé, poudre de cacao (0,7 %), colorant (caramel), arômes, DL-alpha-tocophérol, nicotinamide, D-pantothénate de calcium, chlorhydrate de thiamine, chlorhydrate de pyridoxine, riboflavine, cyanocobalamine. Conseil : pour les allergènes, voir les ingrédients en gras. PEUT CONTENIR DES TRACES D'AUTRES FRUITS À COQUES ET DE GLUTEN.","en:milk,en:soybeans",,"E150 - Caramel,E322 - Lecithins,E322i - Lecithin,E428 - Gelatine",milk;soy;peanut,tree_nut;wheat_gluten,DIRECT,"Concentré de protéines de lait (protéines de lactosérum, caséinate de calcium (contient du lait)), sirop de glucose, sirop de fructose, enrobage au chocolat au lait (17 %) (sucre, poudre de lait, beurre de cacao, pâte de cacao, émulsifiant (lécithine de soja), arôme), pâte d'arachide (10 %), gélatine, riz soufflé, poudre de cacao (0,7 %), colorant (caramel), arômes, DL-alpha-tocophérol, nicotinamide, D-pantothénate de calcium, chlorhydrate de thiamine, chlorhydrate de pyridoxine, riboflavine, cyanocobalamine. Conseil : pour les allergènes, voir les ingrédients en gras. PEUT CONTENIR DES TRACES D'AUTRES FRUITS À COQUES ET DE GLUTEN.",MANUALLY_REVIEWED
00000321,Noix du Brésil,Brazil Nuts,"en:gluten,en:nuts,en:peanuts,en:sesame-seeds",,,tree_nut,,DIRECT,Brazil Nuts,MANUALLY_REVIEWED
00000452,,"Weizenmehl, Zucker, pflanzliche Fette (Palm, Kokos), Kakaomasse, Kakaobutter, Butterreinfett, Vollmilchpulver, Süßmolkenpulver, Magermilchpulver, Weizenstärke, fettarmes Kakaopulver, Hühnereieiweiß, Invertzuckersirup, Dextrose, Mandeln, Emulgatoren: Lecithine (enthält Soja), Mono - und Diglyceride von Speisefettsäuren; Kokosraspeln, Glukosesirup, Laktose, Salz, Backtriebmittel: Natriumcarbonate, Diphosphate, Ammoniumcarbonate; natürliches Aroma (enthält Gluten, Milch), Volleipulver, Rapsöl, Milcheiweiß, Hühnereieiweißpulver, Hühnereieigelbpulver, Karamellzuckersirup, Gewürze, Gerstenmalzextrakt, Farbstoff: Beta-Carotin. Kann andere Schalenfrüchte, Erdnüsse, Lupine und Sesam enthalten. GB Biscuit assortment with 17% chocolate, 10% milk chocolate and 6% white chocolate Ingredients: Wheat flour, sugar, vegetable fats (palm, coconut), cocoa mass, cocoa butter, pure butterfat (milk), whole milk powder, sweet whey powder (milk), skimmed milk powder, wheat starch, low fat cocoa powder, egg white, invert sugar syrup, dextrose, almonds, emulsifiers: lecithins (contain soya), mono - and diglycerides of fatty acids; rasped coconut, glucose syrup, lactose (milk), salt, raising agents: sodium carbonates, diphosphates, ammonium carbonates; natural flavour (contains gluten, milk). whole egg powder, rapeseed oil, milk protein, dried egg white, egg yolk powder, caramel sugar syrup, spices, malt extract (barley), colour: beta carotene. May contain other nuts, peanuts, lupin and sesame. FR Assortiment de biscuits avec 17% de chocolat, 10% de chocolat au lait et 6% de chocolat blanc Ingrédients: Farine de froment, sucre, graisses végétales (palme, coco), masse de cacao, beurre de cacao, graisse butyrique, lait entier en poudre, lactosérum doux en poudre, lait écrémé en poudre, amidon de blé, cacao maigre en poudre, blanc d'œufs, sirop de sucre inverti, dextrose, amandes, émulsifiants: lecithines (contient soja), mono-et diglycérides d'acides gras; noix de coco râpées, sirop de glucose, lactose, sel, poudres à lever: carbonates de sodium, diphosphates, carbonates d'ammonium; arôme naturel (contient du gluten, du lait), ceuf entier en poudre, huile de colza, protéine de lait, blancs d'œufs séché, jaune d'œuf en poudre, sirop de sucre caramélisé, épices, extrait de malt d'orge, colorant: béta-carotene. Peut contenir d'autres fruits à coque, de l'arachide, du lupin et du sésame. Sonnenkel Zartes Gebäck, verw Vollmilchschok PT Sortido de biscoito com Ingredientes: farinha de trigo leite gordo em pó, soro de la açúcar invertido, dextrose, amên glicose, lactose, sal, levedantes inteiro em pó, óleo de colza, p extracto de malte (cevada) Pode conter outros frutos d DK Blandede biscuits med Ingredienser: hvedemel, sukker vallepulver, skummetmælks emulgatorer: lecithiner (indehold natriumcarbonater, diphosphate æggehvidepulver, æggeblo Kan indeholde andre skalfre Nährwertde Déclaration nutr Información nut Declaração Energie/energy/énergie/e",en:milk,,"E160a - Carotene,E160ai - Beta-carotene,E322 - Lecithins,E450 - Diphosphates,E471 - Mono- and diglycerides of fatty acids,E500 - Sodium carbonates,E503 - Ammonium carbonates",wheat_gluten;milk;egg;soy;tree_nut,peanut;lupin;sesame,DIRECT,"Weizenmehl, Zucker, pflanzliche Fette (Palm, Kokos), Kakaomasse, Kakaobutter, Butterreinfett, Vollmilchpulver, Süßmolkenpulver, Magermilchpulver, Weizenstärke, fettarmes Kakaopulver, Hühnereieiweiß, Invertzuckersirup, Dextrose, Mandeln, Emulgatoren: Lecithine (enthält Soja), Mono - und Diglyceride von Speisefettsäuren; Kokosraspeln, Glukosesirup, Laktose, Salz, Backtriebmittel: Natriumcarbonate, Diphosphate, Ammoniumcarbonate; natürliches Aroma (enthält Gluten, Milch), Volleipulver, Rapsöl, Milcheiweiß, Hühnereieiweißpulver, Hühnereieigelbpulver, Karamellzuckersirup, Gewürze, Gerstenmalzextrakt, Farbstoff: Beta-Carotin. Kann andere Schalenfrüchte, Erdnüsse, Lupine und Sesam enthalten. GB Biscuit assortment with 17% chocolate, 10% milk chocolate and 6% white chocolate Ingredients: Wheat flour, sugar, vegetable fats (palm, coconut), cocoa mass, cocoa butter, pure butterfat (milk), whole milk powder, sweet whey powder (milk), skimmed milk powder, wheat starch, low fat cocoa powder, egg white, invert sugar syrup, dextrose, almonds, emulsifiers: lecithins (contain soya), mono - and diglycerides of fatty acids; rasped coconut, glucose syrup, lactose (milk), salt, raising agents: sodium carbonates, diphosphates, ammonium carbonates; natural flavour (contains gluten, milk). whole egg powder, rapeseed oil, milk protein, dried egg white, egg yolk powder, caramel sugar syrup, spices, malt extract (barley), colour: beta carotene. May contain other nuts, peanuts, lupin and sesame. FR Assortiment de biscuits avec 17% de chocolat, 10% de chocolat au lait et 6% de chocolat blanc Ingrédients: Farine de froment, sucre, graisses végétales (palme, coco), masse de cacao, beurre de cacao, graisse butyrique, lait entier en poudre, lactosérum doux en poudre, lait écrémé en poudre, amidon de blé, cacao maigre en poudre, blanc d'œufs, sirop de sucre inverti, dextrose, amandes, émulsifiants: lecithines (contient soja), mono-et diglycérides d'acides gras; noix de coco râpées, sirop de glucose, lactose, sel, poudres à lever: carbonates de sodium, diphosphates, carbonates d'ammonium; arôme naturel (contient du gluten, du lait), ceuf entier en poudre, huile de colza, protéine de lait, blancs d'œufs séché, jaune d'œuf en poudre, sirop de sucre caramélisé, épices, extrait de malt d'orge, colorant: béta-carotene. Peut contenir d'autres fruits à coque, de l'arachide, du lupin et du sésame. Sonnenkel Zartes Gebäck, verw Vollmilchschok PT Sortido de biscoito com Ingredientes: farinha de trigo leite gordo em pó, soro de la açúcar invertido, dextrose, amên glicose, lactose, sal, levedantes inteiro em pó, óleo de colza, p extracto de malte (cevada) Pode conter outros frutos d DK Blandede biscuits med Ingredienser: hvedemel, sukker vallepulver, skummetmælks emulgatorer: lecithiner (indehold natriumcarbonater, diphosphate æggehvidepulver, æggeblo Kan indeholde andre skalfre Nährwertde Déclaration nutr Información nut Declaração Energie/energy/énergie/e",MANUALLY_REVIEWED
00000833,saint Michel galettes,Processor  Memory (RAM)  Storage  Display  Battery  Keyboard and Touchpad  Wireless Connectivity  Ports  Camera and Microphone  Speakers  Build Materials  Operating System,"en:peanuts,en:Strontium-90,en:Uranuim-235",,,,,UNCERTAIN,Processor  Memory (RAM)  Storage  Display  Battery  Keyboard and Touchpad  Wireless Connectivity  Ports  Camera and Microphone  Speakers  Build Materials  Operating System,MANUALLY_REVIEWED
0000128884525,Coop peanut butter,"ingredients roasted peanuts (96%), vegetable oil (palm, peanut, sugar, salt, allergy advice for allergens, seeingredens in bold, not suitable for other nut allergy sufferers,",,,,peanut,tree_nut,DIRECT,"ingredients roasted peanuts (96%), vegetable oil (palm, peanut, sugar, salt, allergy advice for allergens, seeingredens in bold, not suitable for other nut allergy sufferers,",MANUALLY_REVIEWED
0000159457878,"Celebrations, candy","Sugar, glucose syrup, cocoa butter, skimmed milk powder, cocoa mass, milk fat, peanuts lactose, palm fat, desiccated coconut wheat flour, whey powder (from milk), sunflower oil, full cream milk powder skimmed condensed milk, emulsifiers (soya lecithin, e471), barley malt extract, fat reduced cocoa, salt, humectant (glycerol), egg white powder, natural vanilla extract, raising agents (e341, e500, e501), coconut oil hydrolysed milk protein, (may contain hazelnut), milk chocolate contains milk solids 14% minimum and cocoa solids 25% minimum",,,"E322 - Lecithins,E322i - Lecithin,E341 - Calcium phosphates,E422 - Glycerol,E471 - Mono- and diglycerides of fatty acids,E500 - Sodium carbonates,E501 - Potassium carbonates",milk;peanut;wheat_gluten;soy;egg,tree_nut,DIRECT,"Sugar, glucose syrup, cocoa butter, skimmed milk powder, cocoa mass, milk fat, peanuts lactose, palm fat, desiccated coconut wheat flour, whey powder (from milk), sunflower oil, full cream milk powder skimmed condensed milk, emulsifiers (soya lecithin, e471), barley malt extract, fat reduced cocoa, salt, humectant (glycerol), egg white powder, natural vanilla extract, raising agents (e341, e500, e501), coconut oil hydrolysed milk protein, (may contain hazelnut), milk chocolate contains milk solids 14% minimum and cocoa solids 25% minimum",MANUALLY_REVIEWED
0000200000002,Beurre de Cacahuètes Bio,"Cacahuètes grillées* (99,7%), sel de mer (0,3%). (*issu de l'agriculture biologique)",en:peanuts,,,peanut,,DIRECT,"Cacahuètes grillées* (99,7%), sel de mer (0,3%). (*issu de l'agriculture biologique)",MANUALLY_REVIEWED
0000200000015,Purée d'Amandes Blanches Grillées Bio,"Amandes blanches grillées* (100%) (*issu de l'agricul - ture biologique). Peut contenir des traces de fruits à coque, d'arachides et de graines de sésame. Ingredients: roasted white almonds* (100%) (*from organic farming). May contain traces of tree nuts, peanuts and sesame seeds. À consommer avant le : voir couvercle /To be consumed before: see the lid 10",en:peanuts,,,tree_nut,peanut;sesame,DIRECT,"Amandes blanches grillées* (100%) (*issu de l'agricul - ture biologique). Peut contenir des traces de fruits à coque, d'arachides et de graines de sésame. Ingredients: roasted white almonds* (100%) (*from organic farming). May contain traces of tree nuts, peanuts and sesame seeds. À consommer avant le : voir couvercle /To be consumed before: see the lid 10",MANUALLY_REVIEWED
0000210320102,Dutch chocolate,"PROTEIN BLEND (SOY PROTEIN ISOLATE, WHEY PROTE ISOLATE, PEA PROTEIN), CRYSTALLINE FRUCTOSE, HIGH OLEIC SUNFLOWER OL MALTODEXTRIN, DUTCHED COCOA, SOY FIBER, CANE FIBER, NATURAL FLAVORS (CHOCOLATE), THICKENER (GUM ARABIC), OLIGOFRUCTOSE POWDER POTASSIUM PHOSPHATE, PRUNE POWDER, CALCIUM CARBONATE SODIUM CASEINATE, THICKENER (CELLULOSE GUM), SALT, THOBER (XANTHAN GUM), INULIN, EMULSIFIER (SOY LECITHIN), ANTICAKING AGENT (SILICON DIOXIDE), ANTIOXIDANT (NATURAL TOCOPHEROLS), MAGNESIUM OXIDE, ZINC GLUCONATE,ASCORBIC ACID (VITAMIN C), FERROUS FUMERATE (RON). POTASSIUM IODIDE, D-ALPHA-TOCOPHERYL ACETATE (MITAMINE NACINAMIDE, VITAMIN A PALMITATE, CHOLECALCIFEROL (VITAMIN D FOLIC ACID, RIBOFLAVIN (VITAMIN B2), PYRIDOXINE HYDROCHLORIDE (MITAMIN B6), THIAMIN HYDROCHLORIDE (VITAMIN B1), CYANOCOBALAMIN (MITAMIN B12). CONTAINS: SOYBEAN AND MILK. PRODUCED ON EQUIPMENT THAT ALSO PROCESSES PEANUTS, TREE NUTS, EGGS, WHEAT SESAME AND SHELLFISH FOR OUR CUSTOMERS SENSITIVE TO GLUTEN: NO GLUTEN-CONTAIN NUTRIMEAL IS PRODUCED IN A FACILITY THAT MANUFACTURES OTHER INGREDIENTS ARE USED IN THIS PRODUCT. HOWEVER DUTCH CHOCOLATE FOODS THAT DO CONTAIN GLUTEN. NUTR Du D",,,"E306 - Tocopherol-rich extract,E322 - Lecithins,E322i - Lecithin,E340 - Potassium phosphates,E414 - Acacia gum,E415 - Xanthan gum,E466 - Sodium carboxy methyl cellulose,E551 - Silicon dioxide",soy;milk,peanut;tree_nut;egg;wheat_gluten;sesame;shellfish,DIRECT,"PROTEIN BLEND (SOY PROTEIN ISOLATE, WHEY PROTE ISOLATE, PEA PROTEIN), CRYSTALLINE FRUCTOSE, HIGH OLEIC SUNFLOWER OL MALTODEXTRIN, DUTCHED COCOA, SOY FIBER, CANE FIBER, NATURAL FLAVORS (CHOCOLATE), THICKENER (GUM ARABIC), OLIGOFRUCTOSE POWDER POTASSIUM PHOSPHATE, PRUNE POWDER, CALCIUM CARBONATE SODIUM CASEINATE, THICKENER (CELLULOSE GUM), SALT, THOBER (XANTHAN GUM), INULIN, EMULSIFIER (SOY LECITHIN), ANTICAKING AGENT (SILICON DIOXIDE), ANTIOXIDANT (NATURAL TOCOPHEROLS), MAGNESIUM OXIDE, ZINC GLUCONATE,ASCORBIC ACID (VITAMIN C), FERROUS FUMERATE (RON). POTASSIUM IODIDE, D-ALPHA-TOCOPHERYL ACETATE (MITAMINE NACINAMIDE, VITAMIN A PALMITATE, CHOLECALCIFEROL (VITAMIN D FOLIC ACID, RIBOFLAVIN (VITAMIN B2), PYRIDOXINE HYDROCHLORIDE (MITAMIN B6), THIAMIN HYDROCHLORIDE (VITAMIN B1), CYANOCOBALAMIN (MITAMIN B12). CONTAINS: SOYBEAN AND MILK. PRODUCED ON EQUIPMENT THAT ALSO PROCESSES PEANUTS, TREE NUTS, EGGS, WHEAT SESAME AND SHELLFISH FOR OUR CUSTOMERS SENSITIVE TO GLUTEN: NO GLUTEN-CONTAIN NUTRIMEAL IS PRODUCED IN A FACILITY THAT MANUFACTURES OTHER INGREDIENTS ARE USED IN THIS PRODUCT. HOWEVER DUTCH CHOCOLATE FOODS THAT DO CONTAIN GLUTEN. NUTR Du D",MANUALLY_REVIEWED
00002171,Organic Vegan Protein Shake Mix,"Organic Plant Protein Blend (Organic Pea, Organic Pumpkin, Organic Coconut & Organic Sunflower), Organic Fruit Blend (Organic Date, Organic Banan: & Organic Baobab), Organic Agave Fiber, Organic Pea Starch, Flax Seed Fiber, 120 Organic Cocoa (Alkalised), Natural Flavors % Daily Value* 3% Probiotics & Digestive Enzyme Blend (Bacillus Coagulans, Amylase, Protease, Cellulase, Lactase & Lipase), Organic Monkfruit Extract, Milled Flax Seeds Organic Cinnamon Ceylon, Organic Turmeric. 0% Trans Fat 0g Cholesterol Omg 0% Contains: Coconut. Made in a facility Sodium 240mg 10% that uses peanuts, tree nuts & sesame Total Carbohydrate 11g 4% - may contain traces. Dietary Fiber 5g 18% Made in Ireland by Wyldsson Ltd., Total Sugars 3g Snowdrop, Dublin 22, Ireland. Includes Og Added Sugars 0% Certified Organic by Irish Organic Protein 20g 27% Association (IOA). Calcium 16mg 2% Iron 6mg 30% Potassium 135mg 4% Magnesium 50mg 10% No salt added but this is not a sodium free food. Suggested daily serving size: 35g. We believe in a varied, balanced diet. Zinc 3mg 20% Not a significant source of Vitamin D The % Daily Value (DV) tells you how much a nutrient in a serving of food contributes to a daily diet. 2000 calories a day is used for general nutrition advice. X002C1C71V EarthChimp Organic Veg...ee, Gum Free (Vanilla) New SPREAD 10",,,"E1100 - Alpha-Amylase,E1101 - Protease,E1104 - Lipase,E406 - Agar",coconut,peanut;tree_nut;sesame,DIRECT,"Organic Plant Protein Blend (Organic Pea, Organic Pumpkin, Organic Coconut & Organic Sunflower), Organic Fruit Blend (Organic Date, Organic Banan: & Organic Baobab), Organic Agave Fiber, Organic Pea Starch, Flax Seed Fiber, 120 Organic Cocoa (Alkalised), Natural Flavors % Daily Value* 3% Probiotics & Digestive Enzyme Blend (Bacillus Coagulans, Amylase, Protease, Cellulase, Lactase & Lipase), Organic Monkfruit Extract, Milled Flax Seeds Organic Cinnamon Ceylon, Organic Turmeric. 0% Trans Fat 0g Cholesterol Omg 0% Contains: Coconut. Made in a facility Sodium 240mg 10% that uses peanuts, tree nuts & sesame Total Carbohydrate 11g 4% - may contain traces. Dietary Fiber 5g 18% Made in Ireland by Wyldsson Ltd., Total Sugars 3g Snowdrop, Dublin 22, Ireland. Includes Og Added Sugars 0% Certified Organic by Irish Organic Protein 20g 27% Association (IOA). Calcium 16mg 2% Iron 6mg 30% Potassium 135mg 4% Magnesium 50mg 10% No salt added but this is not a sodium free food. Suggested daily serving size: 35g. We believe in a varied, balanced diet. Zinc 3mg 20% Not a significant source of Vitamin D The % Daily Value (DV) tells you how much a nutrient in a serving of food contributes to a daily diet. 2000 calories a day is used for general nutrition advice. X002C1C71V EarthChimp Organic Veg...ee, Gum Free (Vanilla) New SPREAD 10",MANUALLY_REVIEWED
0000231312345,yogurt,"milk, strawberry, gluten,  eggs, peanuts",,,,milk;wheat_gluten;egg;peanut,,DIRECT,"milk, strawberry, gluten,  eggs, peanuts",MANUALLY_REVIEWED
0000252828288,Chick-fil-A nuggets,"chicken (boneless, skinless chicken breast meat nuggets, salt, monosodium glutamate, sugar, spices, paprika, enriched bleached flour [with malted barley flour, niacin, iron, thiamine mononitrate, riboflavin, folic acid], sugar, salt, monosodium glutamate, nonfat milk, leavening [baking soda, sodium aluminum phosphate, monocalcium phosphate], spice, soybean oil, color [paprika], pasteurized nonfat milk, pasteurized egg, fully refined peanut oil [with dimethylpolysiloxane {an anti-foam agent}  added])",,,"E341 - Calcium phosphates,E341i - Monocalcium phosphate,E500 - Sodium carbonates,E500ii - Sodium hydrogen carbonate,E541 - Sodium aluminium phosphate,E621 - Monosodium glutamate,E900 - Dimethylpolysiloxane and Methylphenylpolysiloxane,E900a - Dimethyl polysiloxane",wheat_gluten;milk;soy;egg;peanut,,DIRECT,"chicken (boneless, skinless chicken breast meat nuggets, salt, monosodium glutamate, sugar, spices, paprika, enriched bleached flour [with malted barley flour, niacin, iron, thiamine mononitrate, riboflavin, folic acid], sugar, salt, monosodium glutamate, nonfat milk, leavening [baking soda, sodium aluminum phosphate, monocalcium phosphate], spice, soybean oil, color [paprika], pasteurized nonfat milk, pasteurized egg, fully refined peanut oil [with dimethylpolysiloxane {an anti-foam agent}  added])",MANUALLY_REVIEWED
0000281756504,"Piasten, Chocolate Assortment","Sugar, wheat starch, glucose syrup, whole soya flour, milk sugar, vegetable fat, cocoa butter, cocoa mass, whole milk powder, caramel sugar syrup, dextrose, peanuts, hazelnuts, glucose fructose syrup, vegetable oil, emulsifier: lecithins, humectant: invertase, rice flour, flavouring, orange peel, acidity regulator: citric acid, egg powder, cocoa solids: milk chocolate: cocoa solids 25% min., milk solids 14% min.; chocolate: cocoa solids 35% min.",,,"E1103 - Invertase,E322 - Lecithins,E330 - Citric acid",wheat_gluten;soy;milk;peanut;tree_nut;egg,,DIRECT,"Sugar, wheat starch, glucose syrup, whole soya flour, milk sugar, vegetable fat, cocoa butter, cocoa mass, whole milk powder, caramel sugar syrup, dextrose, peanuts, hazelnuts, glucose fructose syrup, vegetable oil, emulsifier: lecithins, humectant: invertase, rice flour, flavouring, orange peel, acidity regulator: citric acid, egg powder, cocoa solids: milk chocolate: cocoa solids 25% min., milk solids 14% min.; chocolate: cocoa solids 35% min.",MANUALLY_REVIEWED
0000380102109,Chocolate Indulgence IsaLean Whole Blend Whey-Based Bar,"Milk protein isolate, Whey protein cocoa crisps (whey protein isolate, whey protein concentrate, tapioca starch, Dutch cocoa powder, calcium carbonate, sunflower lecithin), Fructooligosaccharides, Glycerin, Polydextrose (3.5 g per serving of 61 g), Sugars (tapioca syrup, sugar), Maltodextrin (tapioca fibre), Modified palm kernel oil, Natural flavours, Almond butter, Whey protein isolate, Water, Sunflower oil, Chocolate liquor, Cocoa butter, Cocoa powder, Sunflower lecithin, Vegetable extract blend (broccoli, spinach, kale, squash, sweet potato, sunflower seed, cranberry, chlorella, maitake mushroom), Salt, Cream, Acacia gum, Carrageenan, Stevia leaf extract, Tocopherols, Peanuts","en:milk,en:nuts,en:peanuts",,"E1200 - Polydextrose,E322 - Lecithins,E322i - Lecithin,E407 - Carrageenan,E414 - Acacia gum,E422 - Glycerol,E960 - Steviol glycosides",milk;tree_nut;peanut,,DIRECT,"Milk protein isolate, Whey protein cocoa crisps (whey protein isolate, whey protein concentrate, tapioca starch, Dutch cocoa powder, calcium carbonate, sunflower lecithin), Fructooligosaccharides, Glycerin, Polydextrose (3.5 g per serving of 61 g), Sugars (tapioca syrup, sugar), Maltodextrin (tapioca fibre), Modified palm kernel oil, Natural flavours, Almond butter, Whey protein isolate, Water, Sunflower oil, Chocolate liquor, Cocoa butter, Cocoa powder, Sunflower lecithin, Vegetable extract blend (broccoli, spinach, kale, squash, sweet potato, sunflower seed, cranberry, chlorella, maitake mushroom), Salt, Cream, Acacia gum, Carrageenan, Stevia leaf extract, Tocopherols, Peanuts",MANUALLY_REVIEWED
00004221,100% Grass-fed Whey Protein Isolate,"Grass-Fed Whey Protein Isolate, Peanut Flour, Cocoa Powder, Natural Chocolate Flavor, Salt, Stevia Extract, Sunflower Lecithin",,,"E322 - Lecithins,E322i - Lecithin",milk;peanut,,DIRECT,"Grass-Fed Whey Protein Isolate, Peanut Flour, Cocoa Powder, Natural Chocolate Flavor, Salt, Stevia Extract, Sunflower Lecithin",MANUALLY_REVIEWED
0000433821500,The Best Peanut Butter Cookies,"ONLY THE BEST: UN-BLEACHED FLOUR, 100% ORGANIC PEANUT BUTTER, PEANUTS, CREAMERY BUTTER, UN-REFINED SUGAR, WHOLE EGG.",,,,wheat_gluten;peanut;milk;egg,,DIRECT,"ONLY THE BEST: UN-BLEACHED FLOUR, 100% ORGANIC PEANUT BUTTER, PEANUTS, CREAMERY BUTTER, UN-REFINED SUGAR, WHOLE EGG.",MANUALLY_REVIEWED
00004559,Peanuts,"PEANUTS, WHEAT FLOUR, SUGAR, RICE FLOUR, TAPIOCA STARCH, SALT, LEAVENING (AMMONIUM BICARBONATE, BAKING SODA), SOY SAUCE (WATER, SOYBEANS, WHEAT, SALT), POTATO STARCH.",,,"E500 - Sodium carbonates,E500ii - Sodium hydrogen carbonate,E503 - Ammonium carbonates,E503ii - Ammonium hydrogen carbonate",peanut;wheat_gluten;soy,,DIRECT,"PEANUTS, WHEAT FLOUR, SUGAR, RICE FLOUR, TAPIOCA STARCH, SALT, LEAVENING (AMMONIUM BICARBONATE, BAKING SODA), SOY SAUCE (WATER, SOYBEANS, WHEAT, SALT), POTATO STARCH.",MANUALLY_REVIEWED
00004902,pearl milling company maple pancake on the go,"FARBY SPRUDELND DAS WASSER COLORE LEAU DURAN BOULONNANT EYERVESCENTE, COLORANDOUA DEL BAGNO Pawning Buks mon Fonge Cire ories PARA POR at Sg ated Fat 2.5g Fat Og unsaturated Fat 3g unsaturated Fat 2.5g sterol Omg um 180mg al Carbohydrate 17g Dietary Fiber 19 Total Sugars 1g Includes Og Added Sugars Protein 2g Vitamin D Omcg Calcium 13mg Iron Omg Potassium 173mg FACTURED AND DISTRIBUTED BY: EL USA LLC SOUTH NORTHPOINT, SUITE 100, PPELL TX, 75019, USA www.takis.us BARCEL 150 Dally Value 10% 13% A COMPANY OF GRUPO BIMBO 0% 8% 6% 4% 0% The Day Vue tes you how much & nunt in a serving of food contribute to a daily diet 2,000 calories a day is used for general ution advice 0% 2% INGREDIENTS CORN FLOUR (PROCESSED WITH LIME), VEGETABLE OIL (PALM AND/OR SOYBEAN AND/OR CANOLA OLS SEASONING (MALTODEXTRIN, CITRIC ACID, SUGAR, POTASSIUM CHLORIDE, SALT, MONOSODIUM GLUTAMATE, HOROLYZED SOYBEAN PROTEIN, NATURAL AND ARTIFICIAL BARS, HYDROLYZED YEAST, SOYBEAN OIL, ONION POWDER, LAKE, SODIUM BICARBONATE, CHILI PEPPER (CHILE). AINOSINATE, DISODIUM GUANYLATE, TBHQ RESERVATIVEN CONTAINS SOY MADE IN A FACILITY THAT MAY ALSO USE MILK, EGG, HEAT AND PEANUTS 0% 4% smartabel Scan here for more food information or call 1-800-432-8266 CO●●●●●●●●● OO Takis Takis OTE FOLLOW US ON o Y TAKIS USA Q TERRACYCLE GUARANTEED FRESH UNTIL PRINTED DATE Questions or comments 1-800-354-3372 Weekdays 8:00 am to 8:00 pm EST essed Please provide pro name, bag size d price and numbers found on the bag for a 57528 04811&quot; 2 BL.A.057018822 d nong",,,"E330 - Citric acid,E621 - Monosodium glutamate,E627 - Disodium guanylate",soy,milk;egg;wheat_gluten;peanut,DIRECT,"FARBY SPRUDELND DAS WASSER COLORE LEAU DURAN BOULONNANT EYERVESCENTE, COLORANDOUA DEL BAGNO Pawning Buks mon Fonge Cire ories PARA POR at Sg ated Fat 2.5g Fat Og unsaturated Fat 3g unsaturated Fat 2.5g sterol Omg um 180mg al Carbohydrate 17g Dietary Fiber 19 Total Sugars 1g Includes Og Added Sugars Protein 2g Vitamin D Omcg Calcium 13mg Iron Omg Potassium 173mg FACTURED AND DISTRIBUTED BY: EL USA LLC SOUTH NORTHPOINT, SUITE 100, PPELL TX, 75019, USA www.takis.us BARCEL 150 Dally Value 10% 13% A COMPANY OF GRUPO BIMBO 0% 8% 6% 4% 0% The Day Vue tes you how much & nunt in a serving of food contribute to a daily diet 2,000 calories a day is used for general ution advice 0% 2% INGREDIENTS CORN FLOUR (PROCESSED WITH LIME), VEGETABLE OIL (PALM AND/OR SOYBEAN AND/OR CANOLA OLS SEASONING (MALTODEXTRIN, CITRIC ACID, SUGAR, POTASSIUM CHLORIDE, SALT, MONOSODIUM GLUTAMATE, HOROLYZED SOYBEAN PROTEIN, NATURAL AND ARTIFICIAL BARS, HYDROLYZED YEAST, SOYBEAN OIL, ONION POWDER, LAKE, SODIUM BICARBONATE, CHILI PEPPER (CHILE). AINOSINATE, DISODIUM GUANYLATE, TBHQ RESERVATIVEN CONTAINS SOY MADE IN A FACILITY THAT MAY ALSO USE MILK, EGG, HEAT AND PEANUTS 0% 4% smartabel Scan here for more food information or call 1-800-432-8266 CO●●●●●●●●● OO Takis Takis OTE FOLLOW US ON o Y TAKIS USA Q TERRACYCLE GUARANTEED FRESH UNTIL PRINTED DATE Questions or comments 1-800-354-3372 Weekdays 8:00 am to 8:00 pm EST essed Please provide pro name, bag size d price and numbers found on the bag for a 57528 04811&quot; 2 BL.A.057018822 d nong",MANUALLY_REVIEWED
0000500000050,Smuckers Natural Peanut Butter,"PEANUTS, CONTAINS 1% OR LESS OF SALT.",,,,peanut,,DIRECT,"PEANUTS, CONTAINS 1% OR LESS OF SALT.",MANUALLY_REVIEWED
0000600020002,Orange drink mix,"Hydrolyzed gelatin, whey protein concentrate (milk), fructooligosaccharide, citric acid, natural flavors, color (turmeric extract, beet juice color, beta-carotene), orange juice powder (orange juice solids, maltodextrin), potassium citrate monohydrate, silicon dioxide (anti-caking agent), soy lecithin, sucralose (non-nutritive sweetener). Manufactured in a facility that also processes wheat, eggs, peanuts, and tree nuts.",en:milk,,"E100 - Curcumin,E160a - Carotene,E160ai - Beta-carotene,E322 - Lecithins,E322i - Lecithin,E330 - Citric acid,E428 - Gelatine,E955 - Sucralose",milk;soy,wheat_gluten;egg;peanut;tree_nut,DIRECT,"Hydrolyzed gelatin, whey protein concentrate (milk), fructooligosaccharide, citric acid, natural flavors, color (turmeric extract, beet juice color, beta-carotene), orange juice powder (orange juice solids, maltodextrin), potassium citrate monohydrate, silicon dioxide (anti-caking agent), soy lecithin, sucralose (non-nutritive sweetener). Manufactured in a facility that also processes wheat, eggs, peanuts, and tree nuts.",MANUALLY_REVIEWED
0000609154005,Madeline chocolate advent,"milk chocolate (sugar, milk, cocoa butter, chocolate, soy lecithin - an emulsifier, vanillin - an artificial flavor) contains: milk, soy manufactured on equipment that processes peanuts and tree nuts (almonds, pecans, cashews and hazelnuts). d",,,"E322 - Lecithins,E322i - Lecithin",milk;soy,peanut;tree_nut,DIRECT,"milk chocolate (sugar, milk, cocoa butter, chocolate, soy lecithin - an emulsifier, vanillin - an artificial flavor) contains: milk, soy manufactured on equipment that processes peanuts and tree nuts (almonds, pecans, cashews and hazelnuts). d",MANUALLY_REVIEWED
0000609983810,Hatchers peanut butter filled milk chocolate,"Milk chocolate (sugar, milk, cocoa butter, chocolate, soy lecithin-an emulsifier, vanilla-an artificial flavor). peanut butter center: peanut butter (peanuts, salt, partially hydrogenated palm oil), sugar, palm kernel oil, partially defatted peanut flour, nonfat milk, partially hydrogenated palm oil, salt, soy lecithin (an emulsifier), tbhq and citric acid to protect freshness).","en:milk,en:peanuts",,"E322 - Lecithins,E322i - Lecithin",milk;peanut;soy,,DIRECT,"Milk chocolate (sugar, milk, cocoa butter, chocolate, soy lecithin-an emulsifier, vanilla-an artificial flavor). peanut butter center: peanut butter (peanuts, salt, partially hydrogenated palm oil), sugar, palm kernel oil, partially defatted peanut flour, nonfat milk, partially hydrogenated palm oil, salt, soy lecithin (an emulsifier), tbhq and citric acid to protect freshness).",MANUALLY_REVIEWED
00006910,Peanut Butter Filled Pretzel Nuggets,"UNBLEACHED ENRICHED FLOUR (WHEAT FLOUR, NIACIN, REDUCED IRON, THIAMINE MONONITRATE, RIBOFLAVIN, FOLIC ACID), PEANUT BUTTER (ROASTED PEANUTS, SUGAR, SALT), CONTAINS 2% OR LESS OF SALT, PALM OIL, CORN SYRUP, L-CYSTEINE HYDROCHLORIDE, SODIUM HYDROXIDE. CONTAINS WHEAT, PEANUT.",,,,wheat_gluten;peanut,,DIRECT,"UNBLEACHED ENRICHED FLOUR (WHEAT FLOUR, NIACIN, REDUCED IRON, THIAMINE MONONITRATE, RIBOFLAVIN, FOLIC ACID), PEANUT BUTTER (ROASTED PEANUTS, SUGAR, SALT), CONTAINS 2% OR LESS OF SALT, PALM OIL, CORN SYRUP, L-CYSTEINE HYDROCHLORIDE, SODIUM HYDROXIDE. CONTAINS WHEAT, PEANUT.",MANUALLY_REVIEWED
0000790430018,"Welch's, pb&j trail mix, grape","Peanuts flavored dried cranberries (cranberries, sugar, sunflower oil, natural flavor), peanut flavored coating dried cane syrup, palm kernel oil, partially defatted peanut flour, whey powder [milk], salt, soy lecithin [an emulsifier], yogurt flavored coating (sugar, palm kernel oil and/or palm oil, nonfat dry milk, whey powder, nonfat yogurt powder [cultured whey, nonfat milk], titanium dioxide [color], soy lecithin [an emulsifier], lactic acid, vanilla), sugar, corn oil, salt, coloring (includes vegetable juice), tapioca dextrin, honey, gum arabic, natural flavors, corn syrup, confectioner's glaze.",en:milk,,"E1400 - Dextrin,E171 - Titanium dioxide,E270 - Lactic acid,E322 - Lecithins,E322i - Lecithin,E414 - Acacia gum",peanut;milk;soy,,DIRECT,"Peanuts flavored dried cranberries (cranberries, sugar, sunflower oil, natural flavor), peanut flavored coating dried cane syrup, palm kernel oil, partially defatted peanut flour, whey powder [milk], salt, soy lecithin [an emulsifier], yogurt flavored coating (sugar, palm kernel oil and/or palm oil, nonfat dry milk, whey powder, nonfat yogurt powder [cultured whey, nonfat milk], titanium dioxide [color], soy lecithin [an emulsifier], lactic acid, vanilla), sugar, corn oil, salt, coloring (includes vegetable juice), tapioca dextrin, honey, gum arabic, natural flavors, corn syrup, confectioner's glaze.",MANUALLY_REVIEWED
0000790430063,"Welch's, pb & j trail mix, strawberry","Peanuts, strawberry flavored dried cranberries (cranberries, sugar, natural flavors, citric acid, sunflower oil, elderberry juice concentrate [color]), peanut flavored coating (dried cane syrup, palm kernel oil, partially defatted peanut flour, whey powder [milk], salt, soy lecithin [an emulsifier]), yogurt flavored coating (sugar, palm kernel oil and/or palm oil, nonfat dry milk, whey powder, nonfat yogurt powder [cultured whey, nonfat milk], titanium dioxide [color], soy lecithin [an emulsifier], lactic acid, vanilla), sugar, corn oil, salt, coloring (includes beet juice beta carotene, beet juice concentrate), tapioca dextrin, honey, gum arabic, corn syrup, natural flavors, confectioner's glaze.",en:milk,,"E1400 - Dextrin,E160a - Carotene,E160ai - Beta-carotene,E171 - Titanium dioxide,E270 - Lactic acid,E322 - Lecithins,E322i - Lecithin,E330 - Citric acid,E414 - Acacia gum",peanut;milk;soy,,DIRECT,"Peanuts, strawberry flavored dried cranberries (cranberries, sugar, natural flavors, citric acid, sunflower oil, elderberry juice concentrate [color]), peanut flavored coating (dried cane syrup, palm kernel oil, partially defatted peanut flour, whey powder [milk], salt, soy lecithin [an emulsifier]), yogurt flavored coating (sugar, palm kernel oil and/or palm oil, nonfat dry milk, whey powder, nonfat yogurt powder [cultured whey, nonfat milk], titanium dioxide [color], soy lecithin [an emulsifier], lactic acid, vanilla), sugar, corn oil, salt, coloring (includes beet juice beta carotene, beet juice concentrate), tapioca dextrin, honey, gum arabic, corn syrup, natural flavors, confectioner's glaze.",MANUALLY_REVIEWED
0000790430070,"Welch's, pb&j trail mix, grape","Peanuts, flavored dried cranberries (cranberries, sugar, sunflower oil, natural flavor). peanut flavored coating (dried cane syrup, palm kernel oil, partially defatted peanut flour, whey powder [milk], salt, soy lecithin [an emulsifier], yogurt flavored coating (sugar, palm kernel oil and/or palm oil, nonfat dry milk, whey powder, nonfat yogurt powder [cultured whey, nonfat milk], titanium dioxide [color], soy lecithin [an emulsifier], lactic acid, vanilla), sugar, corn oil, salt, coloring (includes vegetable juice), tapioca dextrin, honey, gum arabic, natural flavors, corn syrup, confectioner's glaze.",en:milk,,"E1400 - Dextrin,E171 - Titanium dioxide,E270 - Lactic acid,E322 - Lecithins,E322i - Lecithin,E414 - Acacia gum",peanut;milk;soy,,DIRECT,"Peanuts, flavored dried cranberries (cranberries, sugar, sunflower oil, natural flavor). peanut flavored coating (dried cane syrup, palm kernel oil, partially defatted peanut flour, whey powder [milk], salt, soy lecithin [an emulsifier], yogurt flavored coating (sugar, palm kernel oil and/or palm oil, nonfat dry milk, whey powder, nonfat yogurt powder [cultured whey, nonfat milk], titanium dioxide [color], soy lecithin [an emulsifier], lactic acid, vanilla), sugar, corn oil, salt, coloring (includes vegetable juice), tapioca dextrin, honey, gum arabic, natural flavors, corn syrup, confectioner's glaze.",MANUALLY_REVIEWED
