code,product_name,matched_ingredient,allergen,evidence,context
00000259,Barrette cioccolato e arachidi 1 barretta 35g.,caseinate,milk,direct,"concentre de proteines de lait (proteines de lactoserum, caseinate de calcium (contient du lait)), sirop de glucose, sirop de "
00000259,Barrette cioccolato e arachidi 1 barretta 35g.,arachide,peanut,direct,"e de cacao, emulsifiant (lecithine de soja), arome), pate d'arachide (10 %), gelatine, riz souffle, poudre de cacao (0,7 %), col"
00000259,Barrette cioccolato e arachidi 1 barretta 35g.,gluten,wheat_gluten,direct,as. peut contenir des traces d'autres fruits a coques et de gluten.
0001003676718,,soy lecithin,soy,potential,"up, salt, raising agents (e 503, e 450, e 500), emulsifier (soy lecithin), flavourings, colourings (e 160a). may contain traces of e"
0001003676718,,soy lecithin,soy,potential,"up, salt, raising agents (e 503, e 450, e 500), emulsifier (soy lecithin), flavourings, colourings (e 160a). may contain traces of e"
0001003676718,,sesame seeds,sesame,potential,"ntain traces of eggs, peanuts, milk, hazelnuts, pistachios, sesame seeds, sulphites."
0001003676718,,wheat flour,wheat_gluten,direct,"wheat flour, sugar, vegetable oil (palm, rapeseed, sunflower, cottonsee"
0001003676718,,pistachios,tree_nut,potential,"60a). may contain traces of eggs, peanuts, milk, hazelnuts, pistachios, sesame seeds, sulphites."
0001003676718,,hazelnuts,tree_nut,potential,"urings (e 160a). may contain traces of eggs, peanuts, milk, hazelnuts, pistachios, sesame seeds, sulphites."
0001003676718,,peanuts,peanut,potential,"avourings, colourings (e 160a). may contain traces of eggs, peanuts, milk, hazelnuts, pistachios, sesame seeds, sulphites."
0001003676718,,sesame,sesame,potential,"ntain traces of eggs, peanuts, milk, hazelnuts, pistachios, sesame seeds, sulphites."
0001003676718,,wheat,wheat_gluten,direct,"wheat flour, sugar, vegetable oil (palm, rapeseed, sunflower, cot"
0001003676718,,milk,milk,potential,", colourings (e 160a). may contain traces of eggs, peanuts, milk, hazelnuts, pistachios, sesame seeds, sulphites."
0001003676718,,eggs,egg,potential,"n), flavourings, colourings (e 160a). may contain traces of eggs, peanuts, milk, hazelnuts, pistachios, sesame seeds, sulphi"
0001003676718,,soy,soy,potential,"up, salt, raising agents (e 503, e 450, e 500), emulsifier (soy lecithin), flavourings, colourings (e 160a). may contain tr"
00000049,Mre Lite,milk powder,milk,direct,"ice protein, chicken protein, egg albumin, salmon protein), milk powder (for texture), medium chain triglyceride (mct) oil powder ("
00000049,Mre Lite,milk powder,milk,direct,"ice protein, chicken protein, egg albumin, salmon protein), milk powder (for texture), medium chain triglyceride (mct) oil powder ("
00000049,Mre Lite,egg albumin,egg,direct," isolate, pea protein, brown rice protein, chicken protein, egg albumin, salmon protein), milk powder (for texture), medium chain t"
00000049,Mre Lite,albumin,egg,direct,"late, pea protein, brown rice protein, chicken protein, egg albumin, salmon protein), milk powder (for texture), medium chain t"
00000049,Mre Lite,milk,milk,direct,"ice protein, chicken protein, egg albumin, salmon protein), milk powder (for texture), medium chain triglyceride (mct) oil p"
00000049,Mre Lite,milk,milk,direct,"re), medium chain triglyceride (mct) oil powder (nonfat dry milk, potassium phosphate), natural and artificial flavors, cell"
00000049,Mre Lite,egg,egg,direct," isolate, pea protein, brown rice protein, chicken protein, egg albumin, salmon protein), milk powder (for texture), medium"
0000200008423,Thai sweet chilli sensations,soya sauce,soy,direct,"n varying proportions), thai sweet chilli seasoning [sugar, soya sauce powder (contains wheat), fructose, flavouring, hydrolysed v"
0000200008423,Thai sweet chilli sensations,gluten,wheat_gluten,potential,"ce contains: see highlighted ingredients may contain: milk, gluten, barley, celery, mustard suitable for vegetarians"
0000200008423,Thai sweet chilli sensations,barley,wheat_gluten,potential,"ins: see highlighted ingredients may contain: milk, gluten, barley, celery, mustard suitable for vegetarians"
0000200008423,Thai sweet chilli sensations,wheat,wheat_gluten,direct," sweet chilli seasoning [sugar, soya sauce powder (contains wheat), fructose, flavouring, hydrolysed vegetable protein (conta"
0000200008423,Thai sweet chilli sensations,milk,milk,potential,"y advice contains: see highlighted ingredients may contain: milk, gluten, barley, celery, mustard suitable for vegetarians"
0000200008423,Thai sweet chilli sensations,soya,soy,direct,"n varying proportions), thai sweet chilli seasoning [sugar, soya sauce powder (contains wheat), fructose, flavouring, hydrol"
0000200008423,Thai sweet chilli sensations,soya,soy,direct,"ructose, flavouring, hydrolysed vegetable protein (contains soya) potassium chloride, salt, dried onion, dried red chilli fl"
00001422,Le Jambon de nos Régions,soybeans,soy,potential,"(citric acid)], antioxidant (rosemary extract). may contain soybeans."
00001422,Le Jambon de nos Régions,cheese,milk,direct,"powder, whey powder (milk), salt, sour cream powder (milk), cheese powder (cheese (milk), milk solids, emulsifier (disodium ph"
00001422,Le Jambon de nos Régions,cheese,milk,direct,"wder (milk), salt, sour cream powder (milk), cheese powder (cheese (milk), milk solids, emulsifier (disodium phosphate)), dext"
00001422,Le Jambon de nos Régions,cream,milk,direct,"il, seasoning [onion powder, whey powder (milk), salt, sour cream powder (milk), cheese powder (cheese (milk), milk solids, e"
00001422,Le Jambon de nos Régions,milk,milk,direct,"lour), sunflower oil, seasoning [onion powder, whey powder (milk), salt, sour cream powder (milk), cheese powder (cheese (mi"
00001422,Le Jambon de nos Régions,milk,milk,direct,"[onion powder, whey powder (milk), salt, sour cream powder (milk), cheese powder (cheese (milk), milk solids, emulsifier (di"
00001422,Le Jambon de nos Régions,milk,milk,direct,"lk), salt, sour cream powder (milk), cheese powder (cheese (milk), milk solids, emulsifier (disodium phosphate)), dextrose, "
00001422,Le Jambon de nos Régions,milk,milk,direct,"lt, sour cream powder (milk), cheese powder (cheese (milk), milk solids, emulsifier (disodium phosphate)), dextrose, yeast e"
00001422,Le Jambon de nos Régions,whey,milk,direct,"tarch, corn flour), sunflower oil, seasoning [onion powder, whey powder (milk), salt, sour cream powder (milk), cheese powde"
0001005400031,cocoa powder,peanuts,peanut,potential,"ic flavour. manufactured on shared equipment that processes peanuts, tree nuts, milk, soy and wheat."
0001005400031,cocoa powder,wheat,wheat_gluten,direct," equipment that processes peanuts, tree nuts, milk, soy and wheat."
0001005400031,cocoa powder,milk,milk,potential,"ured on shared equipment that processes peanuts, tree nuts, milk, soy and wheat."
0001005400031,cocoa powder,soy,soy,potential,"n shared equipment that processes peanuts, tree nuts, milk, soy and wheat."
0000987500001,Tofu Nature Bio,gluten,wheat_gluten,direct,"ologique). peut contenir des races de cereales contenant du gluten, cacahuetes, fruits a coque, eleri, graines de moutarde et "
0000987500001,Tofu Nature Bio,sesame,sesame,direct,"s, fruits a coque, eleri, graines de moutarde et graines de sesame. conserver a temperature"
00012782,Bagel sésame 3 fromages,gluten,wheat_gluten,direct,"le vegetale raffinee de colza, sucre, graines de sesame 2%, gluten d e ble, farine de malt de ble, levure, sel, farine de soja"
00012782,Bagel sésame 3 fromages,sesame,sesame,direct,"pain bagel au sesame 51,2% : farine de ble, eau, huile vegetale raffinee de colz"
00012782,Bagel sésame 3 fromages,sesame,sesame,direct,"e, eau, huile vegetale raffinee de colza, sucre, graines de sesame 2%, gluten d e ble, farine de malt de ble, levure, sel, far"
00012782,Bagel sésame 3 fromages,malt,wheat_gluten,direct,"lza, sucre, graines de sesame 2%, gluten d e ble, farine de malt de ble, levure, sel, farine de soja, emulsifiants: e471, e3"
0001121325632,"Cashews, salted",cashews,tree_nut,direct,"cashews, peanut and/or canola and/or cottonseed oil, sea salt."
0001121325632,"Cashews, salted",peanut,peanut,direct,"cashews, peanut and/or canola and/or cottonseed oil, sea salt."
0001116103494,Whole roasted cashews,soybean,soy,direct,"cashews, vegetable oil (peanut, cottonseed, soybean and/or sunflower seed), sea salt."
0001116103494,Whole roasted cashews,cashews,tree_nut,direct,"cashews, vegetable oil (peanut, cottonseed, soybean and/or sunflowe"
0001116103494,Whole roasted cashews,peanut,peanut,direct,"cashews, vegetable oil (peanut, cottonseed, soybean and/or sunflower seed), sea salt."
0000380102109,Chocolate Indulgence IsaLean Whole Blend Whey-Based Bar,whey protein concentrate,milk,direct,"n isolate, whey protein cocoa crisps (whey protein isolate, whey protein concentrate, tapioca starch, dutch cocoa powder, calcium carbonate, sun"
0000380102109,Chocolate Indulgence IsaLean Whole Blend Whey-Based Bar,almond butter,tree_nut,direct,"tapioca fibre), modified palm kernel oil, natural flavours, almond butter, whey protein isolate, water, sunflower oil, chocolate liqu"
0000380102109,Chocolate Indulgence IsaLean Whole Blend Whey-Based Bar,milk protein,milk,direct,"milk protein isolate, whey protein cocoa crisps (whey protein isolate, w"
0000380102109,Chocolate Indulgence IsaLean Whole Blend Whey-Based Bar,whey protein,milk,direct,"milk protein isolate, whey protein cocoa crisps (whey protein isolate, whey protein concentrat"
0000380102109,Chocolate Indulgence IsaLean Whole Blend Whey-Based Bar,whey protein,milk,direct,"milk protein isolate, whey protein cocoa crisps (whey protein isolate, whey protein concentrate, tapioca starch, dutch co"
0000380102109,Chocolate Indulgence IsaLean Whole Blend Whey-Based Bar,whey protein,milk,direct,"n isolate, whey protein cocoa crisps (whey protein isolate, whey protein concentrate, tapioca starch, dutch cocoa powder, calcium ca"
0000380102109,Chocolate Indulgence IsaLean Whole Blend Whey-Based Bar,whey protein,milk,direct," modified palm kernel oil, natural flavours, almond butter, whey protein isolate, water, sunflower oil, chocolate liquor, cocoa butt"
0000380102109,Chocolate Indulgence IsaLean Whole Blend Whey-Based Bar,peanuts,peanut,direct," acacia gum, carrageenan, stevia leaf extract, tocopherols, peanuts"
0000380102109,Chocolate Indulgence IsaLean Whole Blend Whey-Based Bar,butter,milk,direct," fibre), modified palm kernel oil, natural flavours, almond butter, whey protein isolate, water, sunflower oil, chocolate liqu"
0000380102109,Chocolate Indulgence IsaLean Whole Blend Whey-Based Bar,butter,milk,direct,"tein isolate, water, sunflower oil, chocolate liquor, cocoa butter, cocoa powder, sunflower lecithin, vegetable extract blend "
0000380102109,Chocolate Indulgence IsaLean Whole Blend Whey-Based Bar,almond,tree_nut,direct,"tapioca fibre), modified palm kernel oil, natural flavours, almond butter, whey protein isolate, water, sunflower oil, chocola"
0000380102109,Chocolate Indulgence IsaLean Whole Blend Whey-Based Bar,cream,milk,direct,"flower seed, cranberry, chlorella, maitake mushroom), salt, cream, acacia gum, carrageenan, stevia leaf extract, tocopherols,"
0000380102109,Chocolate Indulgence IsaLean Whole Blend Whey-Based Bar,milk,milk,direct,"milk protein isolate, whey protein cocoa crisps (whey protein is"
0000380102109,Chocolate Indulgence IsaLean Whole Blend Whey-Based Bar,whey,milk,direct,"milk protein isolate, whey protein cocoa crisps (whey protein isolate, whey protein co"
0000380102109,Chocolate Indulgence IsaLean Whole Blend Whey-Based Bar,whey,milk,direct,"milk protein isolate, whey protein cocoa crisps (whey protein isolate, whey protein concentrate, tapioca starch, "
0000380102109,Chocolate Indulgence IsaLean Whole Blend Whey-Based Bar,whey,milk,direct,"n isolate, whey protein cocoa crisps (whey protein isolate, whey protein concentrate, tapioca starch, dutch cocoa powder, ca"
0000380102109,Chocolate Indulgence IsaLean Whole Blend Whey-Based Bar,whey,milk,direct," modified palm kernel oil, natural flavours, almond butter, whey protein isolate, water, sunflower oil, chocolate liquor, co"
00001403,Sablés Coco Lait,sesame,sesame,direct,ome naturel de coco. peut contenir des traces de graines de sesame et de fruits а сoque.
00001403,Sablés Coco Lait,malt,wheat_gluten,direct,"e sodium - citrates de sodium (ble), lait ecreme en poudre, malt d'orge, sel, emulsifiant : lecithines (soja), arome naturel"
0000252828288,Chick-fil-A nuggets,soybean oil,soy,direct,", sodium aluminum phosphate, monocalcium phosphate], spice, soybean oil, color [paprika], pasteurized nonfat milk, pasteurized egg,"
0000252828288,Chick-fil-A nuggets,peanut oil,peanut,direct,"a], pasteurized nonfat milk, pasteurized egg, fully refined peanut oil [with dimethylpolysiloxane {an anti-foam agent} added])"
0000252828288,Chick-fil-A nuggets,soybean,soy,direct,", sodium aluminum phosphate, monocalcium phosphate], spice, soybean oil, color [paprika], pasteurized nonfat milk, pasteurized "
0000252828288,Chick-fil-A nuggets,peanut,peanut,direct,"a], pasteurized nonfat milk, pasteurized egg, fully refined peanut oil [with dimethylpolysiloxane {an anti-foam agent} added])"
0000252828288,Chick-fil-A nuggets,barley,wheat_gluten,direct,"ugar, spices, paprika, enriched bleached flour [with malted barley flour, niacin, iron, thiamine mononitrate, riboflavin, foli"
0000252828288,Chick-fil-A nuggets,milk,milk,direct,"vin, folic acid], sugar, salt, monosodium glutamate, nonfat milk, leavening [baking soda, sodium aluminum phosphate, monocal"
0000252828288,Chick-fil-A nuggets,milk,milk,direct,"e], spice, soybean oil, color [paprika], pasteurized nonfat milk, pasteurized egg, fully refined peanut oil [with dimethylpo"
0000252828288,Chick-fil-A nuggets,egg,egg,direct," oil, color [paprika], pasteurized nonfat milk, pasteurized egg, fully refined peanut oil [with dimethylpolysiloxane {an an"
0000105748562,,durum wheat semolina,wheat_gluten,direct,"tomatoes (46%), pasta shapes (45%, water, durum wheat semolina), water, sugar, modified cornflour, salt, acid-citric acid,"
0000105748562,,durum wheat,wheat_gluten,direct,"tomatoes (46%), pasta shapes (45%, water, durum wheat semolina), water, sugar, modified cornflour, salt, acid-cit"
0000105748562,,semolina,wheat_gluten,direct,"tomatoes (46%), pasta shapes (45%, water, durum wheat semolina), water, sugar, modified cornflour, salt, acid-citric acid,"
0000105748562,,wheat,wheat_gluten,direct,"tomatoes (46%), pasta shapes (45%, water, durum wheat semolina), water, sugar, modified cornflour, salt, acid-cit"
0000105748562,,egg,egg,potential,"tract, spice extract, iron sulphate, vitamin d. may contain egg."
0001000657163,Tortellini Ricotta Epinard,lactose,milk,direct,"it), sels emulsifiants: citrate monosodique, beurre (lait), lactose (lait), chapelure (farine de ble, sel, levure), farine de r"
00000024,Croccante con pistacchi e miele,gluten,wheat_gluten,direct,"ient d'une fabrique ou les noix, cacahuetes, sesame, ble et gluten sont utilises. this producti 024"
00000024,Croccante con pistacchi e miele,sesame,sesame,direct,"ce produit provient d'une fabrique ou les noix, cacahuetes, sesame, ble et gluten sont utilises. this producti 024"
00000550,Krautsalat,gluten,wheat_gluten,direct,"ient d'une fabrique ou les noix, cacahuetes, sesame, ble et gluten sont utilises. this product is produ ion area where also ot"
00000550,Krautsalat,sesame,sesame,direct,"e produit provvient d'une fabrique ou les noix, cacahuetes, sesame, ble et gluten sont utilises. this product is produ ion are"
0002000012670,,gluten,wheat_gluten,direct,"8,2%, eau, farine de ble complet 22%, levure, sema de mais, gluten de ble, graines de tournesol toastees 2,6%, graines de cour"
0002000012670,,sesame,sesame,direct,", levure seche desactivee. traces eventuelles de lait, œuf, sesame, soja et moutarde. fabrique en fra les graines ne provienne"
0001110843432,"Mixed Nuts, Salted",brazil nuts,tree_nut,direct,"blanched and unblanched peanuts, cashews, almonds, brazil nuts, hazelnuts, pecans, peanut oil and/or canola oil and/or cot"
0001110843432,"Mixed Nuts, Salted",peanut oil,peanut,direct," peanuts, cashews, almonds, brazil nuts, hazelnuts, pecans, peanut oil and/or canola oil and/or cottonseed oil, sea salt."
0001110843432,"Mixed Nuts, Salted",hazelnuts,tree_nut,direct,"ched and unblanched peanuts, cashews, almonds, brazil nuts, hazelnuts, pecans, peanut oil and/or canola oil and/or cottonseed oil"
0001110843432,"Mixed Nuts, Salted",peanuts,peanut,direct,"blanched and unblanched peanuts, cashews, almonds, brazil nuts, hazelnuts, pecans, peanut o"
0001110843432,"Mixed Nuts, Salted",almonds,tree_nut,direct,"blanched and unblanched peanuts, cashews, almonds, brazil nuts, hazelnuts, pecans, peanut oil and/or canola o"
0001110843432,"Mixed Nuts, Salted",cashews,tree_nut,direct,"blanched and unblanched peanuts, cashews, almonds, brazil nuts, hazelnuts, pecans, peanut oil and/or"
0001110843432,"Mixed Nuts, Salted",peanut,peanut,direct," peanuts, cashews, almonds, brazil nuts, hazelnuts, pecans, peanut oil and/or canola oil and/or cottonseed oil, sea salt."
0001110843432,"Mixed Nuts, Salted",pecans,tree_nut,direct,"blanched peanuts, cashews, almonds, brazil nuts, hazelnuts, pecans, peanut oil and/or canola oil and/or cottonseed oil, sea sa"
0001757016092,Finest Milk Chocolate,soy lecithin,soy,direct," flavor], lactose, whey powder, hazelnut paste, emulsifier: soy lecithin, flavor: vanille extract. cocoa solids: 31% minimum in choc"
0001757016092,Finest Milk Chocolate,soy lecithin,soy,direct," flavor], lactose, whey powder, hazelnut paste, emulsifier: soy lecithin, flavor: vanille extract. cocoa solids: 31% minimum in choc"
0001757016092,Finest Milk Chocolate,milk powder,milk,direct,"sugar, cocoa butter, hazelnuts, whole milk powder, cocoa mass rum - raisins [raisins, rum 60% vol., rum flavo"
0001757016092,Finest Milk Chocolate,milk powder,milk,direct,"sugar, cocoa butter, hazelnuts, whole milk powder, cocoa mass rum - raisins [raisins, rum 60% vol., rum flavo"
0001757016092,Finest Milk Chocolate,whole milk,milk,direct,"sugar, cocoa butter, hazelnuts, whole milk powder, cocoa mass rum - raisins [raisins, rum 60% vol., ru"
0001757016092,Finest Milk Chocolate,hazelnuts,tree_nut,direct,"sugar, cocoa butter, hazelnuts, whole milk powder, cocoa mass rum - raisins [raisins, rum "
0001757016092,Finest Milk Chocolate,hazelnut,tree_nut,direct," [raisins, rum 60% vol., rum flavor], lactose, whey powder, hazelnut paste, emulsifier: soy lecithin, flavor: vanille extract. c"
0001757016092,Finest Milk Chocolate,lactose,milk,direct,"coa mass rum - raisins [raisins, rum 60% vol., rum flavor], lactose, whey powder, hazelnut paste, emulsifier: soy lecithin, fla"
0001757016092,Finest Milk Chocolate,butter,milk,direct,"sugar, cocoa butter, hazelnuts, whole milk powder, cocoa mass rum - raisins [ra"
0001757016092,Finest Milk Chocolate,milk,milk,direct,"sugar, cocoa butter, hazelnuts, whole milk powder, cocoa mass rum - raisins [raisins, rum 60% vol., ru"
0001757016092,Finest Milk Chocolate,whey,milk,direct,"rum - raisins [raisins, rum 60% vol., rum flavor], lactose, whey powder, hazelnut paste, emulsifier: soy lecithin, flavor: v"
0001757016092,Finest Milk Chocolate,soy,soy,direct," flavor], lactose, whey powder, hazelnut paste, emulsifier: soy lecithin, flavor: vanille extract. cocoa solids: 31% minimu"
0000112407510,velouté de cresson.,gluten,wheat_gluten,direct,"aturel de poivre. peut contenir des traces de celeri, ble ( gluten ) et œuf."
