code,product_name,ingredients_text,candidate_category,confirmed_allergens,potential_allergens,evidence_level,is_food,review_status
0001121325633,"Mixed nuts, salted","Balanced and unblanched peanuts, cashews, almonds, brazil nuts, pecans, hazelnuts, peanut and/or canola and/or cottonseed oil, sea salt.",peanut;tree_nut,peanut;tree_nut,,DIRECT,YES,KEEP
00000010,xxx,"Farine de blé 33%, sucre, huile de colza, œufs de poules élevées en plein air 18%, sirop de glucose-fructose, Un stabilisant : glycérol, poudres à lever : carbonates d'ammonium-carbonates de sodium - citrates de sodium (blé), sel, gluten de blé, lait écrémé en poudre, fibres végétales, arôme naturel.",milk;egg;wheat_gluten,milk;egg;wheat_gluten,,DIRECT,YES,KEEP
00000134,Erythritol,Eritritol (100%). Store in a cool and dry place. Excessive consumption may have a laxative effect. Almacenar en un lugar fresco y seco. Un consumo excesivo puede producir efectos laxantes. Best Before End/ Batch: See package,,,,NONE,YES,KEEP
00000052,Organic Erythritol Granulated,100% certified organic granulated erythritol,,,,NONE,YES,KEEP
00001148,,"WEIZENmehl, 22% Butter (MILCH), Trinkwasser, EI, Hefe, Zucker, MagerMILCHpulver, Speisesalz, WEIZENprotein, Emulgator (Mono - und Diacetylweinsäureester von Mono - und Diglyceriden von Speisefettsäuren), inte Mehlbehandlungsmittel (Ascorbinsäure), WEIZENenzym. Kann Spuren von SESAM, SCHALENFRÜCHTEN, SOJA, SENF, SELLERIE enthalten. SAIS Pattont 3% ATT",milk;soy;wheat_gluten;sesame,milk;egg;wheat_gluten,sesame;tree_nut;soy,BOTH,YES,KEEP
00013826,Le jurassien,"Pain triangle aux CEREALES 37,7% : PATE (farine de BLE (farine de BLE, GLUTEN de BLE, farine de BLE malté, levure désactivée)), eau, dextrose, graines de tournesol 1,5%, sel, levure, poudre de BEURRE, perméat de LACTOSERUM, émulsifiant : E471e, GLUTEN de BLE, graines de millet 0,3%, graines de SESAME 0,3%, colorant : E160iii, agent de traitement de la farine : E300. décor GRAINES 3% (millet 45%, SESAME 35%, pavot 20%) Garniture 62,3% : concombre 30,3%, radis rouge 24,2%, carottes râpées 12,1%, COMTE 12,1% ( LAIT de vache, sel, FERMENTS LACTIQUES, présure), FROMAGES aux 4 poivres 12,1% (FROMAGE frais, eau, CREME, sel 1,5%, poivres 0,3% : vert, blanc, noir, baies roses, poivrons, arômes de BLE, dextrose), salade de batavia 9,1% (% exprimés sur la garniture)",,milk;wheat_gluten;sesame,,DIRECT,YES,KEEP
0000442811776,Instant shrip noodles,"enriched wheat flour (wheat flour, niacin, reduced iron, thiamine mononitrate, riboflavin, folic acid), vegetable oil (contains one or more of the following: canola, cottonseed, palm) preserved by tbhq, salt, dehydrated vegetables (carrot, garlic, onion, chive), contains less than 2% of: chili, habanero, paprika, and other spices, monosodium glutamate, maltodextrin, freeze dried shrimp, dehydrated soy sauce (wheat, soybeans, salt), sugar, hydrolyzed corn protein, hydrolyzed wheat protein, hydrolyzed soy protein, yeast extract, miso powder (soybeans, wheat, rice, salt), potassium carbonate, citric acid, sodium carbonate, sodium hexametaphosphaté, natural flavors, sésame oil, silicon dioxide (anti-caking agent), sodium tripolyphosphate, disodium guanylate, disodium inosinate, monosodium phosphate, lactose. irimp",,milk;soy;wheat_gluten;sesame,,DIRECT,YES,KEEP
00000452,,"Weizenmehl, Zucker, pflanzliche Fette (Palm, Kokos), Kakaomasse, Kakaobutter, Butterreinfett, Vollmilchpulver, Süßmolkenpulver, Magermilchpulver, Weizenstärke, fettarmes Kakaopulver, Hühnereieiweiß, Invertzuckersirup, Dextrose, Mandeln, Emulgatoren: Lecithine (enthält Soja), Mono - und Diglyceride von Speisefettsäuren; Kokosraspeln, Glukosesirup, Laktose, Salz, Backtriebmittel: Natriumcarbonate, Diphosphate, Ammoniumcarbonate; natürliches Aroma (enthält Gluten, Milch), Volleipulver, Rapsöl, Milcheiweiß, Hühnereieiweißpulver, Hühnereieigelbpulver, Karamellzuckersirup, Gewürze, Gerstenmalzextrakt, Farbstoff: Beta-Carotin. Kann andere Schalenfrüchte, Erdnüsse, Lupine und Sesam enthalten. GB Biscuit assortment with 17% chocolate, 10% milk chocolate and 6% white chocolate Ingredients: Wheat flour, sugar, vegetable fats (palm, coconut), cocoa mass, cocoa butter, pure butterfat (milk), whole milk powder, sweet whey powder (milk), skimmed milk powder, wheat starch, low fat cocoa powder, egg white, invert sugar syrup, dextrose, almonds, emulsifiers: lecithins (contain soya), mono - and diglycerides of fatty acids; rasped coconut, glucose syrup, lactose (milk), salt, raising agents: sodium carbonates, diphosphates, ammonium carbonates; natural flavour (contains gluten, milk). whole egg powder, rapeseed oil, milk protein, dried egg white, egg yolk powder, caramel sugar syrup, spices, malt extract (barley), colour: beta carotene. May contain other nuts, peanuts, lupin and sesame. FR Assortiment de biscuits avec 17% de chocolat, 10% de chocolat au lait et 6% de chocolat blanc Ingrédients: Farine de froment, sucre, graisses végétales (palme, coco), masse de cacao, beurre de cacao, graisse butyrique, lait entier en poudre, lactosérum doux en poudre, lait écrémé en poudre, amidon de blé, cacao maigre en poudre, blanc d'œufs, sirop de sucre inverti, dextrose, amandes, émulsifiants: lecithines (contient soja), mono-et diglycérides d'acides gras; noix de coco râpées, sirop de glucose, lactose, sel, poudres à lever: carbonates de sodium, diphosphates, carbonates d'ammonium; arôme naturel (contient du gluten, du lait), ceuf entier en poudre, huile de colza, protéine de lait, blancs d'œufs séché, jaune d'œuf en poudre, sirop de sucre caramélisé, épices, extrait de malt d'orge, colorant: béta-carotene. Peut contenir d'autres fruits à coque, de l'arachide, du lupin et du sésame. Sonnenkel Zartes Gebäck, verw Vollmilchschok PT Sortido de biscoito com Ingredientes: farinha de trigo leite gordo em pó, soro de la açúcar invertido, dextrose, amên glicose, lactose, sal, levedantes inteiro em pó, óleo de colza, p extracto de malte (cevada) Pode conter outros frutos d DK Blandede biscuits med Ingredienser: hvedemel, sukker vallepulver, skummetmælks emulgatorer: lecithiner (indehold natriumcarbonater, diphosphate æggehvidepulver, æggeblo Kan indeholde andre skalfre Nährwertde Déclaration nutr Información nut Declaração Energie/energy/énergie/e",peanut;milk;egg;soy;wheat_gluten;sesame;tree_nut,milk;egg;soy;wheat_gluten,,DIRECT,YES,KEEP
0000200010474,"40 SUME SEL POTATOES, WE SEE POTENTIAL 100% GREAT","Potatoes, Vegetable Oils (Sunflower, Rapeseed, in varying proportions), Smoky Bacon Seasoning (Flavourings, Yeast Extract, Salt, Yeast Powder, Potassium Chloride, Acids (Citric Acid, Malic Acid), Colour (Paprika Extract), Antioxidants (Rosemary Extract, Ascorbic Acid, Tocopherol Rich Extract, Citric Acid) Allergy Advice May Contain: Milk, Soya, Mustard, Wheat and other cereals containing gluten SUITABLE FOR VEGETARIANS Packaged in a Protective Atmosphere WALKERS and the WALKERS logo are registered Trademarks 2025",,,milk;soy;wheat_gluten,PRECAUTIONARY,YES,KEEP
0000221608851,Mr Kipling 6 chocolate and caramel Bakewell tarts,"Wheat Flour, Sugar, Vegetable Oils, Glucose Syrup, Caramel Sauce 9% (Glucose Syrup, Sweetened Condensed Milk (Milk, Sugar), Water, Humectant (Vegetable Glycerine), Unsalted Butter (Milk), Sugar, Dextrose, Fructose, Gelling Agent (Pectin), Salt, Acidity Regulator (Sodium Citrates), Flavouring), Water, Icing Sugar, Cacao Nibs 1%, Humectant (Vegetable Glycerine), Ground Rice, Whey Powder (Milk), Skimmed Milk Powder, Fat Reduced Cocoa Powder 0.6%, Dried Egg White, Barley Malt Extract, Salt, Dextrose, Emulsifiers (Sorbitan Monostearate, Polysorbate 60), Raising Agents (Disodium Diphosphate, Sodium Bicarbonate), Preservatives (Potassium Sorbate, Sulphur Dioxide (Sulphites)), Flavouring (Sulphites). CONTAINS: WHEAT, GLUTEN, MILK, EGG, SULPHITES. MAY CONTAIN TREE NUTS. N N N M W B CO C 0 Be Fo Ca C AL ap Pr D&D W",,milk;egg;wheat_gluten,tree_nut,BOTH,YES,KEEP
0000200008497,serving contains: Saturates Sugars Salt 0.6g 0.7g,"Potatoes, Vegetable Oils (Sunflower, Rapeseed, in varying proportions), Tomato Ketchup Seasoning [Sugar, Flavourings, Potassium Chloride, Salt, Tomato Powder, Acid (Citric Acid), Colour (Paprika Extract)], Antioxidants (Rosemary Extract, Ascorbic Acid, Tocopherol Rich Extract, Citric Acid). Allergy Advice May Contain: Milk, Wheat, Gluten, Barley, Soya, Celery, Mustard. SUITABLE FOR VEGETARIANS Packaged in a Protective Atmosphere. WALKERS, and the WALKERS logo are registered Trademarks 2025 The HEINZ trademarks are owned by H.J. Heinz Foods UK Limited and are used under license",,,milk;wheat_gluten;soy,PRECAUTIONARY,YES,KEEP
0000433821500,The Best Peanut Butter Cookies,"ONLY THE BEST: UN-BLEACHED FLOUR, 100% ORGANIC PEANUT BUTTER, PEANUTS, CREAMERY BUTTER, UN-REFINED SUGAR, WHOLE EGG.",peanut;egg;wheat_gluten,peanut;milk;egg;wheat_gluten,,DIRECT,YES,KEEP
00002955,Chocolat noir sésame complet,"Pâte de cacao Équateur*, sucre de canne blond*, beurre de cacao*, sésame* 10%. *Ingrédients agricoles issus de l'agriculture biologique. Cacao, sucre, Commerce Equitable contrôlé selon le référentiel Fair for Life: 90% du total des ingrédients d'origine agricole sont issus de filières BIOPARTENAIRE (¹) Plus d'informations sur www.BIOPARTENAIRE.com. Peut contenir des traces de fruits à coques, de gluten, d'oeuf, de soja et de lait.",,sesame,tree_nut;wheat_gluten;egg;soy;milk,BOTH,YES,KEEP
00002229,Phat Crumbs,"almond flour, egg whites, soluble tapioca fiber, salt, black pepper, rosemary, garlic, onion, xanthan gum, rosemary extract",egg;wheat_gluten;tree_nut,egg;tree_nut,,DIRECT,YES,KEEP
00003991,Poudre de cacao,"Poudre de cacao biologique Peut contenir : Noix, Graines de sésame",,,tree_nut;sesame,PRECAUTIONARY,YES,KEEP
00000147,Pan,"Pâtes à l'épeautre - Rêve de Neptune - Spelt neptunes dream (500g e) Ingrédients Ingrediënten speltbloem*, tomaat*, spinazie*, biet&quot;, spirulina* farine d'épeautre *, tomates *, épinards *, betteraves *, spiruline *",,wheat_gluten,,DIRECT,YES,KEEP
0000978623508,Pane proteico,"Acqua, Miscela di proteine (12%) (Proteine del grano, Proteine del picelli), farina di segale integrale, Semi di lino scuri, Sola macinata grossa (6%), Farina di soia (3%), Crusca di frumento, Semi di lino dorati, Semi di girasole, Sesamo, Aceto di mele, Sale, Farina di segale, Lievito, Siero del latte in polvere",,milk;soy;wheat_gluten;sesame,,DIRECT,YES,KEEP
00015363,Solène céréales poulet à l’italienne,"PAIN SOLENE AUX CEREALE S 51,4% Farine de BLE, eau, GRAINES 8% [lin brun, millet, lin jaune, tournesol, SESAME], sel, levure, GLUTEN DE BLE, farine de BLE malté, levure désactivée, agent de traitement de la farine : acide ascorbique, Garniture 48,6% : Émincé de poulet rôti 39,1% (filet de poulet 82% [origine UE], eau, acidifiant : lactate de potassium et acétate de sodium, amidon modifié de manioc, sel,  dextrose et sirop de glucose, arômes, gélifiants E407a, antioxydant : érythorbate de sodium, colorant: caramel), billes de MOZZARELLA 31,3% (LAIT pasteurisé, sel, coagulant microbien correcteur d'acidité E330, conservateur : E202), tomates confites 15,6% (tomates 73,5% huiles végétales 25%, sel, ail, origan), salade batavia 11,7%. huile d'olive 1,4%. épices italiennes (poivrons rouge et vert, tomate en poudre, ail déshydraté 14,9%, origan 11,8%, oignon déshydrate, marjolaine 5%, paprika, basilio, poivre noir, huile de tournesol, antiagglomérant : dioxyde de silicium).",,milk;wheat_gluten;sesame,,DIRECT,YES,KEEP
00006910,Peanut Butter Filled Pretzel Nuggets,"UNBLEACHED ENRICHED FLOUR (WHEAT FLOUR, NIACIN, REDUCED IRON, THIAMINE MONONITRATE, RIBOFLAVIN, FOLIC ACID), PEANUT BUTTER (ROASTED PEANUTS, SUGAR, SALT), CONTAINS 2% OR LESS OF SALT, PALM OIL, CORN SYRUP, L-CYSTEINE HYDROCHLORIDE, SODIUM HYDROXIDE. CONTAINS WHEAT, PEANUT.",peanut;wheat_gluten,peanut;wheat_gluten,,DIRECT,YES,KEEP
0001202312158,Spicy Szechuan Noodles,"White Cabbage, Brown Rice Noodles (8%) [Brown Rice Flour, Water], Pak Choi (8%), Red Onion, Edamame [Soya] (8%), Chestnut Mushroom (7%), Roasted _Peanuts_ (4%) [Peanuts, Rapeseed Oil, Salt], _Soya_ Mince [_Soya_ Flour, Colour: Caramel] (4%), Water, Tamari [_Soya_ Beans, Water, Salt, Alcohol], Tahini (4%) (_Sesame_), Spring Onion (4%), Garlic, Maple Syrup, Rice Wine Vinegar, Ginger, Red Pepper Flakes, Sunflower Oil, Porcini Mushroom Powder, _Sesame_ Oil (_Soya_), Chilli Flakes, Pepper, Szechuan Pepper (0.1%)",,peanut;soy;sesame,,DIRECT,YES,KEEP
00002199,Petit beurre tablette choco,"Chocolat au lait 48% (sucre, beurre et pâte de cacao, lait écrémé en poudre, lactose, matière grasse laitière anhydre, émulsifiant lécithines (tournesol), arôme), farine de blé, sucre, beurre concentré (soit 9% de beurre reconstitué), lait entier en poudre, poudres à lever : carbonates d'ammonium carbonates de sodium - diphosphates, sel. Peut contenir des traces de soja, de graines de sésame, d'eufs et de fruits à coque. VALEURS NUTRITIONNELLES ΜΟΥΕΝNES Pour 2 Biscuits (25g) Pour 100 g",,milk;wheat_gluten,soy;sesame;egg;tree_nut,BOTH,YES,KEEP
00000146,Batido nutricional / Nutricional Shake,"Soya protein isolate (40,8%), cookie crumbs (wheat flour (gluten), rice flour, oat flour (gluten), barley malt flour, sugar, cocoa, corn flour, salt, emulsifier (soya lecithin), fructose, inulin, oat fibre (gluten). polydextrose, soya oil thickeners (quar gum powde, santhan gum, carragenan, pectin), oat bran gluten), milk protein concentrate (1.9 %), flavourings (lactose), calcium citrate, dextrose, potassium phosphate, sodium chloride, anti-caking agent (silicon dioxide), sweeteners (sucralose, acesulfame-K), rapeseed oil, magnesium oxide, ginger root powder, L-ascorbic acid, ferrous fumarate, DL-alpha tocopheryl acetate, liquorice root powder, nicotinamide, papaya powder, zinc oxide, cupric gluconate, retinyl palmitate, D-calcium pantothenate, cholecalciferol, pyridoxine hydrochloride, cyanocobalamin, manganese carbonate, riboflavin, thiamin hydrochloride, ascorbyl palmitate, pteroylmonoglutamic acid, Dl-alpha tocopherol, potassium iodide, sodium selenite, D-biotin. CONTAINS GLUTEN, MILK AND SOYA. SOUTH AFRICA, LTD.",milk;soy;wheat_gluten,milk;soy;wheat_gluten,,DIRECT,YES,KEEP
00000680,Lomo ibérico de bellota,"enriched wheat flour (flour, malted alue barley flour, reduced iron, niacin, thiamin mononitrate owvitamin b1), riboflavin (vitamin b2), folic acidj, water, in whole wheat flour, sugar, yeast, wheat gluten, cellulose fiber, calcium sulfate, salt, soybean oil, preservatives (calcium propionate, sorbic acid), soy flour, monoglycerides, datem, citric acid, soy lecithin, vitamin d3, potassium iodate, grain vine - gar, monocalcium phosphate. contains wheat, soy. r17-212-202308 79423",,soy;wheat_gluten,,DIRECT,YES,KEEP
00000227,Bijou Caramel ChocoLait,"Farine de _blé_, fourrage lait et caramel 17% (sirop de glucose-fructose, _lait_ concentré sucré 20%*, stabilisant : glycérol, caramel 2.5%*, sel, arôme, gélifiant : pectines, conservateur : sorbate de potassium), huile de colza, _œufs_ frais, sucre, chocolat au lait 11% (sucre, beurre de cacao, poudre de _lait_ entier, pâte de cacao, émulsifiant : lécithines (_soja_), arôme), sirop de glucose-fructose, stabilisant : glycérol, poudres à lever : carbonates d'ammonium - carbonates de sodium - diphosphates (_blé_), sel, émulsifiants : mono et diglycérides d’acides gras, _lait_ écrémé en poudre, arôme. *% exprimés sur le fourrage équivalent respectivement à 3.4% et 0.4% sur l’ensemble du produit.",milk;egg;soy;wheat_gluten,milk;egg;soy;wheat_gluten,,DIRECT,YES,KEEP
00001240,Coop Croissant med Sjokolade 85g,"Hvetemel, smør (fløte (melk), melkesyrebakterier), fyll (sukker, vegetabilsk olje og fett (raps, shea, kokos), hasselnøtt, fettredusert kakaopulver, skummet melk, vegetabilsk emulgator (soyalecitin), aroma (vanilin)), vann, gjær sukker, dekor (kakaomasse, sukker, kakaosmør, melkefett, vegetabilsk emulgator (E 322 (soyalecitin)) egg, salt, hvetegluten, enzym, melbehandlingsmiddel (E 300)",,milk;egg;soy;wheat_gluten;tree_nut,,DIRECT,YES,KEEP
0001509202181,Michigan bread company,"unbleached hard spring wheat flour, malted barley flour, niacin, reduced 70 iron, thiamin riboflavin, folic acid, water, 1% sesame seeds, sugar, salt, 0% soybean oil, hydrogenated soybean oil, hydrogenated cottonseed oil, yeast, enzymes, calcium propionate 0% (preservative). 1 slice (28 g) mononitrate, % dally value 5% 4% 0%",,wheat_gluten;sesame;soy,,DIRECT,YES,KEEP
00010082,Reindeer Crunch,"Non-GMO Popcorn, Brown Sugar, Non-GMO Corn Syrup. Butter (Cream, Natural Flavor), Cashews, Walnuts, Pecans, Molasses, RBD Coconut Oil, Dark Chocolate (Sugar, Cacao, Cacao Butter), Sunflower Lecithin, Celtic Sea Salt, Sunflower Oil ALLERGY INFORMATION: Contains: Milk, Cashew, Walnut, Pecan. Manufactured in a facility that also processes: Egg, Wheat, Sesame, Peanuts, Soy, Almond and Coconut.",peanut;milk;egg;soy;wheat_gluten;sesame;tree_nut,milk;tree_nut,egg;wheat_gluten;peanut;soy,BOTH,YES,KEEP
0000200000015,Purée d'Amandes Blanches Grillées Bio,"Amandes blanches grillées* (100%) (*issu de l'agricul - ture biologique). Peut contenir des traces de fruits à coque, d'arachides et de graines de sésame. Ingredients: roasted white almonds* (100%) (*from organic farming). May contain traces of tree nuts, peanuts and sesame seeds. À consommer avant le : voir couvercle /To be consumed before: see the lid 10",peanut;sesame;tree_nut,tree_nut,peanut;sesame;tree_nut,BOTH,YES,KEEP
00002119,,"Chocolat au _lait_ 25% (sucre, beurre de cacao, _lait_ entier en poudre, pâte de cacao, émulsifiant : lécithines (_soja_), arôme naturel de vanille), _œufs_ 19.5%, sucre, noix de coco râpée 13%, _beurre_ concentré, poudre _d'amande_, farine de _blé_ 7%, sirop de glucose-fructose, stabilisant : glycérol, sel, arôme naturel de coco, poudres à lever : carbonates de sodium - citrate de sodium (_blé_). Peut contenir des traces de _fruits à coque_.",,milk;egg;soy;wheat_gluten;tree_nut,,DIRECT,YES,KEEP
00000051,Fondants Citron,"mûre bio 50% (fruit 27%, purée 23%) sucre de canne bio, gélifiant: pectine de fruits, traces éventuelle de fruit à coques",,,tree_nut,PRECAUTIONARY,YES,KEEP
00000459,Keto Pancake & Waffle mix,"ALMOND FLOUR,  OAT FIBER, WHEY PROTEIN, MODIFIED FOOD STARCH, POTASSIUM BITARTRATE, NATURAL MONK FRUIT EXTRACT POWDER, VANILLA FLAVOR, BAKING SODA, CINNAMON, SALT, XANTHAN GUM",milk;wheat_gluten;tree_nut,milk;tree_nut,,DIRECT,YES,KEEP
0002114016008,"Unseasoned bread crumbs, plain","Enriched flour (flour, malted barley, niacin, ferrous sulfate, thiamin mononitrate [vitamin b1], riboflavin [vitamin b2], folic acid), high fructose corn syrup, corn syrup, partially hydrogenated vegetable oil (soybean and/or cottonseed and/or corn and/or canola oils), water, salt. contains 2 percent or less of yeast, honey, molasses, sugar, wheat gluten, whey, soy flour, whole wheat flour, rye flour, corn flour, oat bran, oat flour, corn meal, rice flour, potato flour, butter, dough conditioners (mono - and diglycerides, sodium and/or calcium stearoyl lactylate, soy lecithin, calcium carbonate), yeast nutrients (ammonium sulfate, calcium sulfate, monocalcium phosphate), distilled vinegar, skim milk, buttermilk, lactic acid, calcium propionate (preservative), potassium sorbate (preservative), sesame seeds, sunflower seeds, eggs.",,milk;egg;soy;wheat_gluten;sesame,,DIRECT,YES,KEEP
00000055,Calcium,"Sucre, blanc d'œufs 19%, beurre concentré, chocolat noir 12.5% (pâte de cacao, sucre, beurre de cacao, matière grasse laitière anhydre, émulsifiant: lécithines (soja), arôme naturel de vanille), poudre d'amande 12%, farine de blé 11%, ceufs 5.5%, sirop de glucose-fructose, stabilisant : glycérol, cacao maigre en poudre, sel, arôme naturel de cacao. Peut contenir des traces d'autres fruits à coque.",milk;egg;soy;wheat_gluten,milk;egg;soy;wheat_gluten;tree_nut,,DIRECT,YES,KEEP
0001900014845,,"WHEAT flour, cherry tomatoes 31 5%, water, refined high cleic vegetable sunflower oil, extra virgin olive oil, yeast, salt, malt extract (BARLEY com). spices (rosemary, sage, laurel, fennel seeds, coriander seeds, oregano, pepper, parsley, garlic, marjoram in varying proportions), flavors. Contains GLUTEN. It may contain traces of MILK and milk products EGGS, NUTS, SOYA FISH SESAME seeds, MUSTARD.",,wheat_gluten,milk;egg;tree_nut;soy;sesame,BOTH,YES,KEEP
00000225,bijou cacao,"Ingnédients Farine de blé, sucre, huiles végétales (colza et tournesol), oeufs frais, sirop de glucose-fructose, stabilisant : glycérol, cacao maigre en poudre 1,9%, lait écrémé en poudre, pâte de cacao 0,8%, poudres à lever : carbonates d'ammonium - carbonates de sodium - diphosphates (blé), noisette, lactose, émulsifiants: mono et diglycérides d'acides gras lécithines (soja), sel, arôme. Peut contenir des traces d'autres fruits à coque.",milk;egg;soy;wheat_gluten,milk;egg;soy;wheat_gluten;tree_nut,tree_nut,BOTH,YES,KEEP
0000705520537,,"Roggenmehl 47%, Weizenmehl 45%, getrockneter Sauerteig (Roggenmehl, natürlich fermentiert), jodiertes Speisesalz (Speisesalz, Kaliumjodat), Trockenhefe 2%, Traubenzucker, Gerstenmalzmehl, Säuerungsmittel (Äpfelsäure) Malzextrakt (Gerste, Roggen), Mehlbehand - lungsmittel (Ascorbinsäure). Kann Spuren von Milch, Ei, Sesam, Soja und Lupinen enthalten. Durchschnittliche Nährwerte Energie Fett",,wheat_gluten,milk;egg;sesame;soy,BOTH,YES,KEEP
00001253,Coop Smultringer 43g,"Hvetemel, sukker, egg, vann, fløte, vegetabilsk olje (soyaolje, palmeolje, kokosolje, palmestearin, rapsolje),  mysepulver, syrnet kjernemelkpulver, skummet tørrmelk, yoghurtaroma, melkesyrepulver, konserveringsmiddel (E 1520, E 281), bakepulver, hornsalt, kardemomme, aroma, emulgator (E 471), surhetsregulerende middel (E 331).",,milk;egg;soy;wheat_gluten,,DIRECT,YES,KEEP
0002000010775,Escalope soja et blé,"Protéines de soja et de blé réhydratées, Eau, Chapelure (farine de blé, eau, huile de colza, levure, sel épices (pa rika curcuma)) ; Huiles végétales (tournesol colza), BIPanc d'œuf* en poudre, Amidon de maïs, Fi6res d'agrumes, Extrait de levure, Farine de blé, Epices (oignon en poudre, paprika, piment rouge, ail deshydraté cumin, origan) ; Concentré de tomates, Vinaigre, Sel, Ail, Jaune d'œuf*, Sel iodé, Moutarde, Sucre, (*Poules élevées au sol,) Peut contenir : sésame, céleri,",,soy;wheat_gluten;egg,sesame,BOTH,YES,KEEP
00001004,Concha,"Hartweizengrieß, Frischei (10 %) * &quot;Eler aus Bodenhaltung Kann Spuren von Soja enthalten. Oko DX Ungekocht Energie DURCHSCHNITTLICHE MAHRWERTE pro 100g Fett",,egg;wheat_gluten,soy,BOTH,YES,KEEP
00001100,Cigarettes Fourrées Chocolat Noisettes,"Fourrage chocolat noisette 55% (chocolat en poudre 44.5%* (sucre, cacao en poudre), graisses de coprah et de palmiste, sucre,_noisette_7,5%';, _lait_écrémé en poudre, émulsifiant : lécithines (_soja_), arôme), farine de blé, sucre, fructose,_lait_écrémé en poudre, graisse de coprah, colorant: caramel ordinaire, émulsifiant: lécithines (_soja_), sel.  *exprimés sur le fourrage équivalent respectivement à 24,4% et 4,1% sur l'ensemble du produit.",,milk;soy;wheat_gluten;tree_nut,,DIRECT,YES,KEEP
00021065,Sächsischer Christstollen,"WEIZENMEHL, Sultaninen, Margarine (Palmfett, Wasser, Rapsöl, Emulgatoren Mono - und Diglyceride von Speisefettsäuren und Sonnenblumenlecithine, Säuerungsmittel Citronensäure), Orangeat / Zitronat (Orangen - und Zitronenschalen, Glukose-Fruktosesirup, Zucker, Salz, Säuerungsmittel Citronensäure), Wasser, Zucker, Hefe, MANDELN, Backmittel (SÜSSMOLKENPULVER, MAGERMILCHPULVER, Palmfett, Glukosesirup, MILCHEIWEISS, Mehlbehandlungsmittel Ascorbinsäure), Rum, Salz, Aromen (enthält SOJA, MANDELN), Kokosfett, Dekor: Dekorzucker (Traubenzucker, WEIZENSTÄRKE, Palmfett, natürliches Aroma), BUTTERFETT mit Aroma Vanillin, Zucker, natürliches Vanillearoma. Kann Spuren von SESAM, ERDNÜSSEN, anderen SCHALENFRÜCHTEN und EIPRODUKTEN enthalten.",,milk;soy;wheat_gluten;tree_nut,sesame;peanut;egg,BOTH,YES,KEEP
0000200003145,ked e use carefully ty ingredients never fried...,"Potato Flakes, Starch, Rapeseed Oil, Sugar, Emulsifi (Lecithins), Sea Salt Seasoning Sea Salt, Salt, Flavourings), Sunflower Oil, Colour (Annatto Norbixin) ALLERGY ADVICE MAY CONTAIN: MILK, MUSTARD, SOYA WHEAT AND OTHER CEREALS CONTAINING GLUTEN n for More",,,milk;soy;wheat_gluten,PRECAUTIONARY,YES,KEEP
00002155,Madeleines Bijou,"Farine de_blé_, chocolat au_lait_18% (sucre, beurre de cacao, poudre de_lait_entier, pâte de cacao, émulsifiant : lécithines (_soja_), arômes), huile de colza, _œufs_ frais 14%, sucre, poudre de _noisette_6%, sirop de glucose-fructose, stabilisant : glycérol, poudres à lever : carbonates d'ammonium - carbonates de sodium - diphosphates (_blé_), arôme, émulsifiants : mono et diglycérides d'acides gras, sel,_lait_écrémé en poudre.",,egg;milk;soy;wheat_gluten;tree_nut,,DIRECT,YES,KEEP
0000802805391,,"je wil weten over onze Toast met rozemarijn We hebben alles op een rijtje gezet wat Dit Ingrediënten: TARWEbloem, zonnebloemolie, moutextract (GERST, maïs), zout, rozemarijn 2,3%, gist. Als je ergens niet tegen kan Allergenen: tarwe en gerst (gluten). Kan bevatten: soja, melk en sesam. Gemiddelde voedingswaarde per 100 g kJ 1787 kcal 425 Energie Vetten 11,9 g waarvan verzadigde vetzuren 1,3 g Koolhydraten 66,3 g waarvan suikers Vezels Eiwitten per 30 g kl 536 kcal 127 3,6 g 0,4 g 19,9 g 1,0 g 1,2 g 11,0 g 3,3 g 7% Zout 2,40 g 0,72 g 12% *RI= Referentie-inname van een gemiddelde volwassene (8.400 kl/2.000 kcal). Deze verpakking bevat 5 porties. Hoe zit het met de houdbaarheid? 3,2g 4,1g Ten minste houdbaar tot en met: zie achterzijde. Bewaaradvies: koel en droog bewaren. BI RESTAFVAL We zijn er voor je Consumentenservice: Jumbo Supermarkten B.V. Antwoordnummer 10072, 5460 VB Veghel Nederland, Jumbo.com To gool je de verpakking weg VERPAKKING RI 6% 5% 2% 8% 19% 150g e",,wheat_gluten,soy;milk;sesame,BOTH,YES,KEEP
0000281756504,"Piasten, Chocolate Assortment","Sugar, wheat starch, glucose syrup, whole soya flour, milk sugar, vegetable fat, cocoa butter, cocoa mass, whole milk powder, caramel sugar syrup, dextrose, peanuts, hazelnuts, glucose fructose syrup, vegetable oil, emulsifier: lecithins, humectant: invertase, rice flour, flavouring, orange peel, acidity regulator: citric acid, egg powder, cocoa solids: milk chocolate: cocoa solids 25% min., milk solids 14% min.; chocolate: cocoa solids 35% min.",peanut;milk;egg;soy;wheat_gluten;tree_nut,peanut;milk;egg;soy;wheat_gluten;tree_nut,,DIRECT,YES,KEEP
00004559,Peanuts,"PEANUTS, WHEAT FLOUR, SUGAR, RICE FLOUR, TAPIOCA STARCH, SALT, LEAVENING (AMMONIUM BICARBONATE, BAKING SODA), SOY SAUCE (WATER, SOYBEANS, WHEAT, SALT), POTATO STARCH.",peanut;soy;wheat_gluten,peanut;soy;wheat_gluten,,DIRECT,YES,KEEP
0001505501180,miso ramen,"RAMEN NOODLES: WHEAT FLOUR, SHORTENING OIL, TAPIOCA STARCH, POTATO STARCH, SALT, SODIUM HEXAMETAPHOSPHATE, SODIUM HYDROGEN CARBONATE, MIXED TOCOPHEROL, GUAR GUM, AND RIBOFLAVIN. SOUP SAUCE RED MISO WATER SOYBEAN RICE, AND SALT), WATER, SOYBEAN OIL, MALTODEXTRIN, SALT, YEAST EXTRACT, KELP POWDER (DEXTRIN, KELP BROTH, AND KELP EXTRACT), SUGAR SOY SAUCE POWDER ASOY SAUCE SOYBEAN, SALT AND ALCOHOL], DEXTRIN, AND SALT)*, SHALLOT*, WHITE RADISH*, TUNA POWDER (TUNA, MALTODEXTRIN, SALT, AND SUGAR), ONION, GARLIC, SODIUM LACTATE, SODIUM ACETATE, CARAMEL POWDER, DISODIUM INOSINATE AND DISODIUM GUANYLATE, POTASSIUM CHLORIDE, GINGER XANTHAN GUM, SESAME OIL, AND CITRIC ACID. VEGETABLE: CARROT*, CORN*, GREEN ONION* AND SESAME. CHILI OIL PACK: SOYBEAN OIL, GINGER, CHILI OIL. CONTAINS: SOY, WHEAT, SESAME, AND FISH (TUNA). MANUFACTURED IN A FACILITY THAT PROCESSES SOY, WHEAT, AND FISH. *DRIED COOKING INSTRUCTIONS RETTLE AND ENJOY! 4. ADD THE FLAVORING OIL, STIR WELL THE PACKETS. 1. OPEN THE LID HALFWAY AND RENOIE CLOSE THE LID AND WAIT 3 MINUTES 3. ADD HOT WATER TO THE FILL LINE PACKETS (WAIT ON THE FLAVOR OIL. 2. ADD THE VEGGIES AND SEASONING een MICROWAVE on oven wattage. THE PACKETS. 1. OPEN THE LID HALFWAY AND REFUTE HIGH FOR 2 MINUTES AND MICROWAVE † Microwave cook times may vary depe 3. ADD COOL WATER TO THE FILE 2. ADD THE VEGGIES AND SEASONING PACKETS (WAIT ON THE FLAVOR OIL, STIR WELL AND OR 1 MINUTE ADD THE DO NOT MICROWAVE WITH CONTENTS WILL BE HOT PLEASE",,soy;wheat_gluten;sesame,,DIRECT,YES,KEEP
00000987,,"Kashi sept grains entiers et mélange de sésame (entier: blé rouge dur, riz brun, orge, triticale, avoine, seigle, sarrasin, graines de sésame), flocons de soja, sirop de riz brun, sirop de canne séché, fibre de racine de chicorée, avoine à grains entiers, huile de canola pressée, miel, sel, cannelle, mélange concentré de tocophérols (vitamine E) pour la fraîcheur.",soy;sesame,soy;sesame;wheat_gluten,,DIRECT,YES,KEEP
00000116,Vanille-Erdbeer-Cocktail,"Sunflower Seed Butter (Roasted Sunflower Kernel, Dried Cane Syrup, Salt), Vegetable Glycerin, Tapioca Syrup, Rice Crisps (Rice Flour, Rice Bran, Raisin Juice Concentrate, Honey, Salt), Flour Mix (Rice, Buckwheat, Millet), Date Paste, Quinoa Flakes, Rice Starch, Dried Cane Syrup, Puffed Amaranth, Brown Cane Sugar, Ground Flaxseed, Gum Arabic, Xanthan Gum, Salt, Natural Flavor, Leavening (Baking Soda), Vitamins and Minerals (Niacin, Riboflavin, Vitamin B6, Thiamin, Calcium).",wheat_gluten,,,DIRECT,YES,KEEP
0000104647847,golden barrel butter flavored coconut oil,"refined coconut oil, artificial butter flavor, beta carotene color. sta",,,,NONE,YES,KEEP
00004221,100% Grass-fed Whey Protein Isolate,"Grass-Fed Whey Protein Isolate, Peanut Flour, Cocoa Powder, Natural Chocolate Flavor, Salt, Stevia Extract, Sunflower Lecithin",peanut;milk;soy;wheat_gluten,peanut;milk,,DIRECT,YES,KEEP
0000112302754,pur soup' mouliné de 5 légumes verts,"Eau, pomme de terre, courgette, poireau, brocoli, haricot vert, oignon, céleri-rave, épinard, carotte, crème fraiche, amidon de maïs, sel. Contient 29% de légumes verts. Peut contenir des traces de blé (gluten) et oeuf.",,milk,wheat_gluten;egg,BOTH,YES,KEEP
0000943627129,Gingerbread Mini Nut Bars,"&quot;The % Daily Value (DV) tells you how mucha nutrient in a serving of food contributes to a daily diet. 2,000 calories a day is used for general nutrition advice, INGREDIENTS: PEANUTS, INULIN, ALMONDS, YOGURT FLAVORED COATING (SUGAR, PALM KERNEL OIL, WHEY, NONFAT DRY MILK, YOGURT POWDER (NONFAT MILK, LACTIC ACID), SOY LECITHIN, VANILLA), CASHEWS, RICE FLOUR, MOLÄSSES, HONEY, BROWN RICE SYRUP. NATURAL FLAVORS, SPICE BLEND, SEA SALT, SOY LECITHIN, SUGAR. CONTAINS MILK, ALMONDS, CASHEWS, PEANUTS AND SOY, MAY CONTAIN EGGS AND TREE NUTS. DISTRIBUTED BY: Walmart lnc. Bentonville, AR 72716 PRODUCT OF CANADA MAY CONTAIN AN OCCASIONAL STEM OR SHELL FRAGMENT.",peanut;milk;egg;soy;wheat_gluten;tree_nut,peanut;milk;soy;tree_nut,egg;tree_nut,BOTH,YES,KEEP
0001374569225,Œufs Praliné,"Praliné 32% (sucre, amandes, noisettes), sucre, beurre de cacao, lait en poudre, pâte de cacao, lactosérum en poudre, brisure de crêpe dentelle 1% (farine de blé, sucre, beurre concentré, poudre de lait écrémé, malt d'orge, sel), noisettes hachées 0,8%, matière grasse laitière en poudre, émulsifiant : lécithine de soja, arôme naturel de vanille. Traces possibles d'autres fruits à coque, œuf, sésame.",,milk;soy;wheat_gluten;tree_nut,egg;sesame,BOTH,YES,KEEP
0001121325635,"Deluxe mixed nuts, salted","Cashews, almonds, brazil nuts, hazelnuts, pecans, peanut and/or canola and/or cottonseed oil, sea salt.",peanut;tree_nut,peanut;tree_nut,,DIRECT,YES,KEEP
0000210320102,Dutch chocolate,"PROTEIN BLEND (SOY PROTEIN ISOLATE, WHEY PROTE ISOLATE, PEA PROTEIN), CRYSTALLINE FRUCTOSE, HIGH OLEIC SUNFLOWER OL MALTODEXTRIN, DUTCHED COCOA, SOY FIBER, CANE FIBER, NATURAL FLAVORS (CHOCOLATE), THICKENER (GUM ARABIC), OLIGOFRUCTOSE POWDER POTASSIUM PHOSPHATE, PRUNE POWDER, CALCIUM CARBONATE SODIUM CASEINATE, THICKENER (CELLULOSE GUM), SALT, THOBER (XANTHAN GUM), INULIN, EMULSIFIER (SOY LECITHIN), ANTICAKING AGENT (SILICON DIOXIDE), ANTIOXIDANT (NATURAL TOCOPHEROLS), MAGNESIUM OXIDE, ZINC GLUCONATE,ASCORBIC ACID (VITAMIN C), FERROUS FUMERATE (RON). POTASSIUM IODIDE, D-ALPHA-TOCOPHERYL ACETATE (MITAMINE NACINAMIDE, VITAMIN A PALMITATE, CHOLECALCIFEROL (VITAMIN D FOLIC ACID, RIBOFLAVIN (VITAMIN B2), PYRIDOXINE HYDROCHLORIDE (MITAMIN B6), THIAMIN HYDROCHLORIDE (VITAMIN B1), CYANOCOBALAMIN (MITAMIN B12). CONTAINS: SOYBEAN AND MILK. PRODUCED ON EQUIPMENT THAT ALSO PROCESSES PEANUTS, TREE NUTS, EGGS, WHEAT SESAME AND SHELLFISH FOR OUR CUSTOMERS SENSITIVE TO GLUTEN: NO GLUTEN-CONTAIN NUTRIMEAL IS PRODUCED IN A FACILITY THAT MANUFACTURES OTHER INGREDIENTS ARE USED IN THIS PRODUCT. HOWEVER DUTCH CHOCOLATE FOODS THAT DO CONTAIN GLUTEN. NUTR Du D",peanut;milk;egg;soy;wheat_gluten;sesame,milk;soy,peanut;tree_nut;egg;wheat_gluten;sesame,BOTH,YES,KEEP
0001121301765,Chocolate covered peanuts,"Milk chocolate (sugar, cocoa butter, milk, chocolate liquor, soy lecithin [an emulsifier], vanilla), peanuts.",peanut;milk;soy,peanut;milk;soy,,DIRECT,YES,KEEP
0002114016000,Unseasoned Plain Bread Crumbs,"Enriched flour (flour, malted barley, niacin, ferrous sulfate, thiamine mononitrate [vitamin b1], riboflavin [vitamin b2], folic acid), high fructose corn syrup, corn syrup, partially hydrogenated vegetable oil (soybean and/or cottonseed and/or corn and/or canola oils), water, salt. contains 2 percent or less of yeast, honey, molasses, sugar, wheat gluten, whey, soy flour, whole wheat flour, rye flour, corn flour, oat bran, oat flour, corn meal, rice flour, potato flour, butter, dough conditioners (mono-and diglycerides, sodium and/or calcium stearoyl lactylate, soy lecithin, calcium carbonate), yeast nutrients (ammonium sulfate, calcium sulfate, monocalcium phosphate), distilled vinegar, skim milk, buttermilk, lactic acid, calcium propionate (preservative), potassium sorbate (preservative), sesame seeds, sunflower seeds, eggs.",,egg;milk;soy;wheat_gluten;sesame,,DIRECT,YES,KEEP
0000108780106,Porridge To go,"focons davoine complete (36%, arine d avoine complete (14%) sirop de sucre (14%| oligoructose sucre brun cereales croustilantes (arine de riz. farine d'avoine suare, carbonate de calaum, extrait de mat d orge, hule de tournesoli emulsiiants (glycerol lecthine de soja, amidon moditfe, arine damande moulue, poudre de lait ecreme, antioxydant extrait de tocopherol, poudre a lever (bicarbonate de socium se, carbonate de calcum aome naturel Inormations alergeness Les aleroens sont earts en gras. Peut conteni des traces de noix, ble, sesame et de Cauetes",milk;soy;wheat_gluten;sesame;tree_nut,milk;soy;wheat_gluten;tree_nut,tree_nut;wheat_gluten;sesame;peanut,BOTH,YES,KEEP
00001427,Raisin Walnut Apple Bar,"Nutrition Facts 8 servings per container serving size 1 bar (71g) unt per serving lories 200 % Daily Value* 25g 3% ed Fat 0g 0% 0g 1 0mg 0% 5% drate 35g 13% 5g 18% 6g ag Added Sugars 0%  UNBLEACHED HIGH GLUTEN ENRICHED FLOUR (WHEAT FLOUR, MALTED BARLEY FLOUR, NIACIN, REDUCED IRON, THIAMINE MONONITRATE, RIBOFLAVIN, FOLIC ACID), WATER, RAISINS, WHEAT BRAN, VITAL WHEAT GLUTEN, WHOLE WHEAT FLOUR, WALNUTS, DRIED APPLES, DATE PASTE, HONEY, YEAST, CINNAMON, SALT, GUAR GUM, MONOCALCIUM PHOSPHATE CONTAINS WHEAT, WALNUT MAY CONTAIN EGG, SOY, SESAME DIST ,  SOLD EXCLUSIVELY BY: TRADER JOE'S, MONROVIA, CA 91016 0% 4% 15% 2% ng lue (DV) tells you how much a nutrient at food contributes to a daily diet 2,000 day is used for general nutrition advice SKU# 000142 '0000&quot;1427 TRADEX JOES Raisin Matest hate",egg;soy;wheat_gluten;sesame;tree_nut,wheat_gluten;tree_nut,egg;soy;sesame,BOTH,YES,KEEP
0000609154005,Madeline chocolate advent,"milk chocolate (sugar, milk, cocoa butter, chocolate, soy lecithin - an emulsifier, vanillin - an artificial flavor) contains: milk, soy manufactured on equipment that processes peanuts and tree nuts (almonds, pecans, cashews and hazelnuts). d",peanut;milk;soy;tree_nut,milk;soy,peanut;tree_nut,BOTH,YES,KEEP
00001170,Organic Acerola Powder,"non-gmo soy protein isolate, corn starch, non-gmo soy flour, tapioca starch, sesame seeds, palm oil, pea fiber, rice syrup, honey, distilled vinegar, mustard seed, jalapeño pepper, green bell pepper, paprika, salt, maltodextrin, dextrose, turmeric, garlic powder, onion powder, xanthan gum, stevia, non-aluminum baking powder, yeast.",soy;wheat_gluten;sesame,soy;sesame,,DIRECT,YES,KEEP
00001238,Spaghetti in Käse-Sahne-Sauce,"Hvetemel, smør (fløte (melk), melkesyrebakterier), fyll (sukker, vegetabilsk olje og fett (raps, shea, kokos), hasselnøtt, fettredusert kakaopulver, skummet melk, vegetabilsk emulgator (soyalecitin), aroma (vanilin)), vann, gjær sukker, dekor (kakaomasse, sukker, kakaosmør, melkefett, vegetabilsk emulgator (E 322 (soyalecitin)) egg, salt, hvetegluten, enzym, melbehandlingsmiddel (E 300).",,egg;milk;soy;wheat_gluten;tree_nut,,DIRECT,YES,KEEP
0000609983810,Hatchers peanut butter filled milk chocolate,"Milk chocolate (sugar, milk, cocoa butter, chocolate, soy lecithin-an emulsifier, vanilla-an artificial flavor). peanut butter center: peanut butter (peanuts, salt, partially hydrogenated palm oil), sugar, palm kernel oil, partially defatted peanut flour, nonfat milk, partially hydrogenated palm oil, salt, soy lecithin (an emulsifier), tbhq and citric acid to protect freshness).",peanut;milk;soy;wheat_gluten,peanut;milk;soy,,DIRECT,YES,KEEP
0000200003080,walkers,"Potatoes, Vegetable Oils (Sunflower, Rapeseed, in varying proportions), Salt & Vinegar Seasoning [Flavourings, Acids (Citric Acid, Malic Acid), Potassium Chloride, Salt, Dextrose, Sugar, Yeast Extract], Antioxidants (Rosemary Extract, Ascorbic Acid, Tocopherol Rich Extract, Citric Acid). Allergy Advice May Contain: Milk, Wheat, Gluten, Barley, Soya, Celery, Mustard SUITABLE FOR VEGETARIANS Packaged in a Protective Atmosphere WALKERS ered",,,milk;wheat_gluten;soy,PRECAUTIONARY,YES,KEEP
00018579,Aunt Maple's Crunchy Granola,"Organic rolled oats, flame raisins, organic coconut chips, organic maple syrup, sunflower oil, walnuts, roasted diced almonds, wheat germ, honey, crunchy almond butter (dry roasted almonds), hazelnuts, almonds, organic ground cinnamon, organic vanilla extract.",,wheat_gluten;tree_nut,,DIRECT,YES,KEEP
00000015,Madeleines ChocoLait,"Farine de blé 27%, chocolat au lait 18% (sucre, beurre de cacao, lait entier en poudre, pâte de cacao, émulsifiant : lécithines (soja), arôme naturel de vanille), sucre, huile de colza, œufs de poules élevées en plein air 14.5%, sirop de glucose-fructose, stabilisant : glycérol, poudres à lever : carbonates d'ammonium - carbonates de sodium - citrates de sodium (blé), sel, gluten de blé, lait écrémé en poudre, fibres végétales, arôme naturel. Peut contenir des traces de fruits à coque.",milk;egg;soy;wheat_gluten,milk;egg;soy;wheat_gluten,tree_nut,BOTH,YES,KEEP
0000112407493,velouté de potiron,"Eau, potiron 35%, oignon, pomme de terre, carotte, jus de tomates à base de concentré, crème fraiche 1,7%, amidon transformé de maïs, sel, beurre de cuisine, arômes (contient lait). Peut contenir des traces de céleri, blé (gluten) et oeuf.",,milk,wheat_gluten;egg,BOTH,YES,KEEP
00002171,Organic Vegan Protein Shake Mix,"Organic Plant Protein Blend (Organic Pea, Organic Pumpkin, Organic Coconut & Organic Sunflower), Organic Fruit Blend (Organic Date, Organic Banan: & Organic Baobab), Organic Agave Fiber, Organic Pea Starch, Flax Seed Fiber, 120 Organic Cocoa (Alkalised), Natural Flavors % Daily Value* 3% Probiotics & Digestive Enzyme Blend (Bacillus Coagulans, Amylase, Protease, Cellulase, Lactase & Lipase), Organic Monkfruit Extract, Milled Flax Seeds Organic Cinnamon Ceylon, Organic Turmeric. 0% Trans Fat 0g Cholesterol Omg 0% Contains: Coconut. Made in a facility Sodium 240mg 10% that uses peanuts, tree nuts & sesame Total Carbohydrate 11g 4% - may contain traces. Dietary Fiber 5g 18% Made in Ireland by Wyldsson Ltd., Total Sugars 3g Snowdrop, Dublin 22, Ireland. Includes Og Added Sugars 0% Certified Organic by Irish Organic Protein 20g 27% Association (IOA). Calcium 16mg 2% Iron 6mg 30% Potassium 135mg 4% Magnesium 50mg 10% No salt added but this is not a sodium free food. Suggested daily serving size: 35g. We believe in a varied, balanced diet. Zinc 3mg 20% Not a significant source of Vitamin D The % Daily Value (DV) tells you how much a nutrient in a serving of food contributes to a daily diet. 2000 calories a day is used for general nutrition advice. X002C1C71V EarthChimp Organic Veg...ee, Gum Free (Vanilla) New SPREAD 10",peanut;sesame,coconut,peanut;tree_nut;sesame,BOTH,YES,KEEP
00012162,Whey Protein Hazelnuss Kakao,"BASIC INGREDIENTS, NEUTRAL: Mixture of whey proteins (whey protein concentrate, whey protein isolate, whey protein hydrolysate); emulsifier soy lecithins. BASIC INGREDIENTS OF OTHER VARIETIES: Mixture of whey proteins (whey protein concentrate, whey protein isolate, whey protein hydrolysate); flavouring, emulsifier: soy lecithins; thickener. xanthan gum, quar qum, sodium carbony methyí cllulose; sweetener: acesulfame K, sucralose; anti-caking agent: silicon dioxide. CHOCOLATE, CHOCOLATE-MINT: 5 % cocoa, colour: ammonia caramel; salt, colour: carmines. HAZELNUT CHOCOLATE: 1.5% cocoa, salE COOKIES & CREAM, VANILLA COOKIES biscuit pieces (wheat flour, sugar, palm fat, low-fat cocoa powder, salt, raising agent: ammonium carbonates, sodium hydrogen carbonate, potassium carbonates), salt. DOUBLE CHOCOLATE: 5% cocoa, salt. BUTTER BISCUIT: 5% biscuit pieces (wheat flour, sugar % butter, wheat starch, glucose-fructose syrup, skimmed milk powder, salt, sweet whey powder, natural bourbon vanilla flavouring), salt. LATTE MACCHIATO: 2.15 % instant coffee, colour: caramels; salt. TOFFEE: Colour: caramels; salt,instant coffee CHOCO - LATE-COCONUT: 4% cocoa, 2% coconut flakes, colour: caramels; salt, colour: carmines. STRAWBERRY-WHITE CHOCOLATE: 5 % white chocolate chips (sugar, cocoa mass, whole milk powder, emulsifier: lecithins), acid: citric acid; salt. TRIPLE CHOCOLATE: 6 % dark chocolate (2.5% cocoa, sugar, cocoa mass, cocoa powder, emulsifier: soy lecithins); 5% cocoa. CHOCOLATE BUTTER BISCUIT: 5 % cocoa, 5% biscuit pieces (wheat flour, sugar, 11% butter, wheat starch, glucose-fructose sirup, skimmed milk powder salt, sweet whey powder, natural bourbon vanilla flavour), salt, caramel. CINNAMON ROLL: Cinnamon, salt. WHITE CHOCOLATE: 5 % white chocolate chips (sugar, cocoa mass, whole milk powder, emulsifier: lecithins), salt. YOGHURT PEACH: acid: citric acid; salt. RED BANANA: colour: carotenes, carmines, BLACK FOREST CAKE: 5 % dark chocolate (2.5 % cocoa, sugar, cocoa mass, cocoa powder, emulsifier: soy lecithins), 5 % cocoa, instant caramel, salt. BANANA BREAD: Salt, BISCUIT: cinnamon. STRACCIATELLA: 6% Dark chocolate pieces (sugar, cocoa mass, cocoa powder, emulsifier: soy lecithins). CHOCOLATE BROWNIE: 5% Cocoa, caramel, salt, colour: carmines. May contain traces of gluten and eggs. NOTE: Itis recommended mot to exceed one serving per day. This product is not a substitute for a varied and balanced diet and a healthy lifestyle.",,milk;soy,,DIRECT,YES,KEEP
0000103529964,impact protein whey,"whey protein concentrate (milk) (96%) (contains emulsifiers (soya lecithin, sunflower lecithin)), fat reduced cocoa powder, flavouring, sweetener (sucralose). allergen information: for allergens, see ingredients in bold. important information: store in a cool, dry place away from direct sunlight. this product is intended to be used alongside a varied and balanced diet and a healthy lifestyle. suitable for vegetarians. *naturally occurring bcaas fr: concentré de protéines de lactoserum en poudre prête à l'emploi. saveur chocolat onctueux. contient de l'edulcorant. conseils d'utilisation: mélanger 30g (environ 1 cuillère) de poudre à 250ml d'eau ou de lait et consommer 30 minutes avant et/ou après un entrainement. la poudre se tasse avec le temps. il est conseillé de la peser pour obtenir une dose précise. portion: 30g, portions par contenant: 33. valeurs nutritionnelles: pour 100g (par portion de 30g), valeur énergétique 1590kj/",,milk;soy,,DIRECT,YES,KEEP
00000022,Farandole de madeleine,"Madeleines ChocoNoir - Madeleines nappées de chocolat noir : farine de blé 27%, chocolat noir 18% (pâte de cacao, sucre, beurre de cacao, matière grasse laitière anhydre, émulsifiant : lécithines (soja), arôme naturel de vanille), sucre, huile de colza, œufs de poules élevées en plein air 14.5%, sirop de glucose-fructose, stabilisant : glycérol, poudres à lever : carbonates d'ammonium - carbonates de sodium - citrates de sodium (blé), sel, gluten de blé, lait écrémé en poudre, fibres végétales, arôme naturel. Peut contenir des traces de fruits à coque. Toutes vos remarques et suggestions sont les bienvenues : contactez notre Service Qualité en indiquant le nom et le numéro du lot du produit concerné figurant sur le dessus de la boîte. Pour conserver toutes les qualités de ce produit, le maintenir dans un milieu tempéré à l'abri de la chaleur, de l'humidité et du froid.",milk;egg;soy;wheat_gluten,milk;egg;soy;wheat_gluten,tree_nut,BOTH,YES,KEEP
0000112302688,,"eau, pomme de terre 15%, oignon 6,6%, lait écrémé reconstitué, amidon transformé de mais, poudre de fromage 1,5%, lardons fumés 1,2% (porc, eau, sel), huile de colza, sel, arômes (contient lait), extraits naturels d'épices. Peut contenir des traces de céleri, de blé (gluten) et d'oeuf.",,milk,wheat_gluten;egg,BOTH,YES,KEEP
00000231,Bramwells American Style Peanut Butter,"Fructose, Soy Protein Isolate, Calcium Caseinate, Cocoa Powder, Casein, Oat Fiber, Cellulose Powder, Vegetable Stabilizer Guar Gum, Vitamins Premix, Minerals Premix, Canola Oil, Salt, Anticaking Agent Silicon Dioxide, Vegetable Emulsifier Lecithin Liquid, Anticaking Agent Dicalcium Phosphate, Thickener Carrageenan, dl-Methionine, Vegetable Emulsifier Lecithin Liquid, Anticaking Agent Silicon Dioxide, Vegetable Thickener Citrus Pectin, Psyllium Husk Powder, Hibiscus Sabdariffa Powder, Papaya Fruit Powder, Digestive Aids Papain and Bromelain",peanut;milk;soy,soy;wheat_gluten;tree_nut,,DIRECT,YES,KEEP
00000273,Superfruit Organic Freezie Pops,"Organic white grape juice, Organic apple juice, Organic strawberry purée, Organic lemon juice, Organic guar gum, Organic strawberry flavor, Organic mango purée, Organic mango flavor, Organic blueberry purée, Organic pomegranate juice, Organic berry flavor",,,,NONE,YES,KEEP
00011723,Pistachio almond cookies,"Farine de blé contient Gluten (avec Farine de blé, Carbonate de calcium, Fer, Niacine, Thiamine) • Beurre (Lait) (23%) • Sucre • Eclats de pistaches (14%) • Éclats d'amandes (8%) • Sirop de sucre inverti • Poudre à lever : E450, E503, Bicarbonate de soude • Lait en poudre . Sel.",,milk;wheat_gluten;tree_nut,,DIRECT,YES,KEEP
00015769,Salade Crous Bowl,"Salade mélangée 35.3%. salade quinoa BOULGOUR cranberry 35,3% (boulgour de BLE réhydraté 37,9% [eau, BLE dur précuit ] quinoa cuit 20%, tomate 10%, huile de colza, concombre 7%, courgette 5%, cranberries 4% [cranberries, sucre, huile de tournesol], raisin golden 4% [agent d'enrobage : huile de tournesol], jus concentré de citron, menthe, vinaigre d'alcool, sel, persil, ail, conservateur : E202, piment doux) pomme 11,8%, chou rouge émincé 4,7%, carottes râpées 4,7%, NOIX DE CAJOU grillées 4,7%, radis",,wheat_gluten;tree_nut,,DIRECT,YES,KEEP
00000261,Prebiotic Fiber Gummies,"Chicory root fiber, water, pectin, agar agar, tapioca starch, trisodium citrate, citric acid, natural flavors, black carrot concentrate, chlorophyll, carnauba wax.",,,,NONE,YES,KEEP
0001121308893,Premium Jurtle Caramel Corn,"Dark chocolate flavored confectioners' coating (sugar, vegetable oils [palm kernel and partially hydrogenated palm], cocoa, skim milk, cocoa [processed with alkali], vanilla, natural and artificial flavors, sorbitan tristearate and soy lecithin [emulsifiers], salt), brown sugar, corn syrup, white confectioners' coating (sugar, partially hydrogenated palm kernel oil, nonfat milk powder, soy lecithin [emulsifier], monoglycerides, artificial color [titanium dioxide], artificial flavor), popcorn, roasted salted almonds (whole almonds, peanut oil, salt), roasted salted pecan pieces (pecan pieces, peanut oil, salt), sugar, water, coconut oil (pure coconut oil, beta-carotene), butter (cream, salt), natural flavor, salt, artificial butter flavor, fd&c yellow 5 lake (e102), baking soda (sodium bicarbonate).",peanut;milk;soy;tree_nut,peanut;milk;soy;tree_nut,,DIRECT,YES,KEEP
0001202312202,Tiramisu cheescake,"Unsweetened Soya Milk [Water, Soya Beans, Calcium, Natural Flavouring, Stabiliser: Gellan Gum, Vitamins (B2, B12, D2)], Cashew, Maple Syrup, Oats, Coconut Milk, Ground Almonds, Coconut Oil, Dark Chocolate (6%) [Organic Cocoa Mass (67%), Organic Coconut Sugar, Organic Cocoa Butter], Cocoa Powder, Lemon Juice, Vanilla Extract (1.0%), Coffee (0.3%), Sea Salt",,soy;tree_nut,,DIRECT,YES,KEEP
0000112302683,,"eau, potiron 21%, pomme de terre, oignon, jus de tomates à base de concentré, crème, champignons de Paris, amidon transformé de maïs beurre de cuisine, girolles 1,1%, sel, sucre, arômes (contient lait), persil; ail. Peut contenir des traces de céleri, blé (gluten) et oeuf.",,milk,wheat_gluten;egg,BOTH,YES,KEEP
0001472055734,,"Wasser, Weizenvollkornmehl, Weizeneiweiß, Sonnenblumenkerne, Leinsamen, Erbsenschrot, Hefe, Sesam, Weizenproteinkonzentrat, Ackerbohnenmehl, Gerstenmalz - mehl, Weizenspeisekleie, Natursauerteig (Wasser, Roggen - vollkornmehl, Roggenmehl, Weizenmehl), Säureregulator: Natriumacetate; Roggenmehl, Salz. Kann Spuren von Ei, Soja und Milch enthalten. Angebrochene Packung stets wieder mit Clip verschließen und möglichst bald verzehren. Ungeöffnet",,wheat_gluten;sesame,egg;soy;milk,BOTH,YES,KEEP
00001404,,"Farine de blé 39%, chocolat noir 22% (pâte de cacao, sucre, beurre de cacao, matière grasse laitière anhydre, émulsifiant : lécithines (soja), arôme naturel de vanille), sucre, beurre concentré, huile de colza, lait écrémé en poudre, sel, poudres à lever: carbonates de sodium - citrates de sodium (blé), arôme naturel. : Peut contenir des traces d'œufs, de graines de sésame et de fruits à coque. S",,milk;soy;wheat_gluten,egg;sesame;tree_nut,BOTH,YES,KEEP
0000790430018,"Welch's, pb&j trail mix, grape","Peanuts flavored dried cranberries (cranberries, sugar, sunflower oil, natural flavor), peanut flavored coating dried cane syrup, palm kernel oil, partially defatted peanut flour, whey powder [milk], salt, soy lecithin [an emulsifier], yogurt flavored coating (sugar, palm kernel oil and/or palm oil, nonfat dry milk, whey powder, nonfat yogurt powder [cultured whey, nonfat milk], titanium dioxide [color], soy lecithin [an emulsifier], lactic acid, vanilla), sugar, corn oil, salt, coloring (includes vegetable juice), tapioca dextrin, honey, gum arabic, natural flavors, corn syrup, confectioner's glaze.",peanut;milk;soy;wheat_gluten,peanut;milk;soy,,DIRECT,YES,KEEP
0001143155625,Nankhatai traditional indian cookies,"Wheat flour (50%), sugar (21%), hydrogenated vegetable oil (contains one or more of the following: sesame oil, soybean oil, palm oil), cardamom, nutmeg, sodium bicarbonate, butylated hydroxyanisole (e320), salt.",,wheat_gluten,sesame,BOTH,YES,KEEP
00000274,Protine,"Whole Food Protein Blend (Beef Protein Isolate, Pea Protein, Brown Rice Protein, Chicken Protein, Egg Albumin, Salmon Protein), Natural and Artificial Flavors, Cookie Pieces (Sugar, Unbleached Enriched Flour [Wheat Flour, Niacin, Reduced Iron, Thiamine Mononitrate {Vitamin B1}, Riboflavin {Vitamin B2}, Folic Acid], High Oleic Canola Oil and/or Palm Oil and/or Sunflower Oil, Cocoa [Processed with Alkali], High Fructose Corn Syrup, Leavening [Baking Soda and/or Calcium Phosphate], Soy Lecithin, Vanillin [an Artificial Flavor], Chocolate), Milk Powder (for creaminess), Cellulose Gum, Medium Chain Triglyceride (MCT) Oil Powder, Salt, Sucralose, Acesulfame Potassium, Maltodextrin",,egg;milk;soy;wheat_gluten,,DIRECT,YES,KEEP
0002000007201,Seeded hamburger 8 enriched buns,"Enriched wheat flour (wheat flour, malted barley flour, niacin, iron, thiamin mononitrate, riboflavin, folic acid), water, yeast, high fructose corn syrup, soybean oil, contains 2% or less of the following: wheat gluten, sesame seeds, salt, cultured wheat flour, dough conditioners (sodium stearoyl lactylate, monoglycerides, ascorbic acid), yeast nutrients (monocalcium phosphate, calcium sulfate, ammonium sulfate), calcium propionate (preservative), vinegar, soy lecithin.",,soy;wheat_gluten;sesame,,DIRECT,YES,KEEP
00013819,Triangle Comtois,"PATE A PAIN [farine de BLE (farine de BLE, GLUTEN de BLE, farine de BLE malité, levure désactivée), eau, dextrose, graines de tournesol 1,5%, sel, levure, poudre de BEURRE, perméat de LACTOSERUM, émulsifiant: E471e, GLUTEN de BLE. graines de millet 0,3%, graines de SESAME O,3%, colorant E160aiii, agent de traitement de la farine : E300], décor GRAINES 3% [millet 45%, SESAME 35%, pavot 20%]. UR US Garhiture 56% Jambon 35,7% (jambon de porc [origine France], eau, sel, arômes naturels, dextrose, bouillon de porc déshydratė [eau, os et viande de porc, extrait de carotte et extrait de poireau], sirop de glucose, chlorure de potassium, antioxydant ascorbate de sodium. conservateur nitrite de C sodium)salade batavia 21,4%. tomate 21.4% COMTE 7,1% (LAIT de vache, sel, FERMENTS LACTIQUES, présure), moutarde 7,1% (eau, graines de moutarde, vinaigre d’alcool, sel, acidifiant : acide citrique, conservateur : DISULFITE de potassium), BEURRE léger 7,1% (eau, BEURRE, amidon modifié E1422, amidon de pomme de terre, acidifiant : acide lactique, sel 0,4%, émulsifiants E471, épaississant E466, conservateur : sorbate de potassium colorant : bêta-carotène, arôme naturel)",,milk;wheat_gluten;sesame,,DIRECT,YES,KEEP
0000790870517,Peanut butter chocolate mini wafer bars,"Peanut butter, roasted peanuts, sugar, hydrogenated vegetable oil (cottonseed oil, soybean oil, rapeseed oil), salt, wheat wafers (pastry flour, soybean oil, sodium bicarbonate), peanut flour, palm oil, milk chocolate compound coating (sugar, vegetable oil [palm kernel oil, hydrogenated palm kernel oil], cocoa powder, nonfat dry milk, whole milk powder, whey powder, soy lecithin [an emulsifier], artificial flavor), corn starch, salt.",peanut;milk;soy;wheat_gluten,peanut;milk;soy;wheat_gluten,,DIRECT,YES,KEEP
0000790430070,"Welch's, pb&j trail mix, grape","Peanuts, flavored dried cranberries (cranberries, sugar, sunflower oil, natural flavor). peanut flavored coating (dried cane syrup, palm kernel oil, partially defatted peanut flour, whey powder [milk], salt, soy lecithin [an emulsifier], yogurt flavored coating (sugar, palm kernel oil and/or palm oil, nonfat dry milk, whey powder, nonfat yogurt powder [cultured whey, nonfat milk], titanium dioxide [color], soy lecithin [an emulsifier], lactic acid, vanilla), sugar, corn oil, salt, coloring (includes vegetable juice), tapioca dextrin, honey, gum arabic, natural flavors, corn syrup, confectioner's glaze.",peanut;milk;soy;wheat_gluten,peanut;milk;soy,,DIRECT,YES,KEEP
0000124024111,Protein original,"WATER, OAT FIBER, WHOLE WHEAT FLOUR, FABA BEAN PROTEIN, WHEAT GLUTEN, FLAX, PEA PROTEIN, UNBLEACHED ENRICHED WHEAT FLOUR (UNBLEACHED WHEAT FLOUR, NIACIN, REDUCED IRON, THIAMINE MONONITRATE, RIBOFLAVIN, FOLIC ACID), CANOLA OIL, WHEAT BRAN, SALT, PRESERVATIVES (POTASSIUM SORBATE, CALCIUM PROFIONATE), WHEAT GERM, YEAST, POTASSIUM BICARBONATE, SODIUM ACD PYROPHOSPHATE, MONO AND DIGLYCERIDES, FUMARIC ACID (CONTAINS SOYBEAN OIL AND/OR PALM OIL AND/OR COTTONSEED OIL), CELLULOSE GUM, GUAR GUM, XANTHAN GUM, ENZYMES. Added Sugars 0% CONTAINS: WHEAT. MAY CONTAIN MILK INGREDIENTS, SOY, SULFITES. g 0%",,wheat_gluten,milk;soy,BOTH,YES,KEEP
0000128884525,Coop peanut butter,"ingredients roasted peanuts (96%), vegetable oil (palm, peanut, sugar, salt, allergy advice for allergens, seeingredens in bold, not suitable for other nut allergy sufferers,",peanut,peanut,,DIRECT,YES,KEEP
0000159457878,"Celebrations, candy","Sugar, glucose syrup, cocoa butter, skimmed milk powder, cocoa mass, milk fat, peanuts lactose, palm fat, desiccated coconut wheat flour, whey powder (from milk), sunflower oil, full cream milk powder skimmed condensed milk, emulsifiers (soya lecithin, e471), barley malt extract, fat reduced cocoa, salt, humectant (glycerol), egg white powder, natural vanilla extract, raising agents (e341, e500, e501), coconut oil hydrolysed milk protein, (may contain hazelnut), milk chocolate contains milk solids 14% minimum and cocoa solids 25% minimum",peanut;milk;egg;soy;wheat_gluten;tree_nut,peanut;milk;soy;egg;wheat_gluten,tree_nut,BOTH,YES,KEEP
0001121325631,"Mixed nuts, lightly salted","Blanched and unblanched peanuts, cashews, almonds, brazil nuts, pecans hazelnuts, peanut and/or canola and/or cottonseed oil, sea salt.",peanut;tree_nut,peanut;tree_nut,,DIRECT,YES,KEEP
00004428,,"UNBLEACHED HIGH GLUTEN ENRICHED FLOUR (WHEAT FLOUR, MALTED BARLEY FLOUR, NIACIN, REDUCED IRON, THIAMINE MONONITRATE, RIBOFLAVIN, FOLIC ACID), WATER, RAISINS, WHEAT OBRAN, VITAL WHEAT GLUTEN, WHOLE WHEAT FLOUR, WALNUTS, ue DRIED APPLES, DATE PASTE, HONEY, 3% YEAST, CINNAMON, SALT, GUAR 0% GUM, MONOCALCIUM PHOSPHATE. 0% 5% 3% CONTAINS WHEAT, WALNUT. MAY CONTAIN EGG, SOY, SESAME.",,wheat_gluten;tree_nut,egg;soy;sesame,BOTH,YES,KEEP
0000600020002,Orange drink mix,"Hydrolyzed gelatin, whey protein concentrate (milk), fructooligosaccharide, citric acid, natural flavors, color (turmeric extract, beet juice color, beta-carotene), orange juice powder (orange juice solids, maltodextrin), potassium citrate monohydrate, silicon dioxide (anti-caking agent), soy lecithin, sucralose (non-nutritive sweetener). Manufactured in a facility that also processes wheat, eggs, peanuts, and tree nuts.",peanut;milk;egg;soy;wheat_gluten,milk;soy,wheat_gluten;egg;peanut;tree_nut,BOTH,YES,KEEP
0000200000007,Purée de Sésame Tahini Bio,"Graines de sésame grillées* (99,7%), sel de mer (0,3%). (*issu de l'agriculture biologique)",,sesame,,DIRECT,YES,KEEP
00000570,Mix Energie Superfood,"abricots , figues , mûres , graines de tournesol *, graines de citrouille *, noix mélangées (amandes brunes, noix du Brésil *, amandes blanches , noix de cajou *, noix *, noisettes *), canneberges *, jus de pomme *, huile de tournesol * ), dadelstuk dadeistukjes * (dates *, farine de riz *), incabesse *, baies de goji * apricots *, figs *, blackberries *, sunflower seeds *, pumpkin seeds * mixed nuts * (brown almonds , Brazil nuts*, white almonds *, cashews *, nuts *, hazelnuts *), cranberries *, apple juice sunflower oil *), dadelstuk dadelstukjes * (dates*, rice flour *), incabesse , goji berries *",,tree_nut,,DIRECT,YES,KEEP
0000112307267,Mouliné de Légumes Verts,"Eau,pomme de terre³,courgette³ , poireau³, haricot vert³, oignon³, céleri-rave³, brocoli³, carotte³, épinard³, amidon de mais³, crème³, sel de mer,arôme naturel. Contient 24% de légumes verts. ³Issus de l'agriculture biologique. Peut contenir des traces de blé (gluten) et œuf.",,,wheat_gluten;egg,PRECAUTIONARY,YES,KEEP
0000200000020,,"Noix de pécan gril - lées* (100%). (*issu de l'agricul - ture biologique). Peut contenir des traces de fruits à coque, d'arachides et de graines de sésame. EN Ingredients: roasted pecan nuts* (100%). (*from organic farming). May contain traces of pea - nuts, other nuts and sesame seeds. À consommer avant le : voir couvercle/ To be consumed before : see the lid. FR Th",,tree_nut,peanut;sesame;tree_nut,BOTH,YES,KEEP
0000790430063,"Welch's, pb & j trail mix, strawberry","Peanuts, strawberry flavored dried cranberries (cranberries, sugar, natural flavors, citric acid, sunflower oil, elderberry juice concentrate [color]), peanut flavored coating (dried cane syrup, palm kernel oil, partially defatted peanut flour, whey powder [milk], salt, soy lecithin [an emulsifier]), yogurt flavored coating (sugar, palm kernel oil and/or palm oil, nonfat dry milk, whey powder, nonfat yogurt powder [cultured whey, nonfat milk], titanium dioxide [color], soy lecithin [an emulsifier], lactic acid, vanilla), sugar, corn oil, salt, coloring (includes beet juice beta carotene, beet juice concentrate), tapioca dextrin, honey, gum arabic, corn syrup, natural flavors, confectioner's glaze.",peanut;milk;soy;wheat_gluten,peanut;milk;soy,,DIRECT,YES,KEEP
0001121303276,Spicy sweet mix,"Cajun crunch mix (rice cracker chili bits [water, soybean, wheat, sea salt], sugar, chili starch, artificial coloring [yellow 5, yellow 6], peanuts, seasoning [paprika, thyme, spices, onion, garlic and less than 2% silicon dioxide to prevent caking], sunflower oil, cheddar sesame sticks, hot and spicy sesame sticks [unbleached wheat flour {contains malted barley flour as a natural enzyme additive}, soybean oil, sesame seeds, ground bulgur wheat, pepper sauce seasoning {tomato powder, corn flour, maltodextrin, onion powder, sour cream powder {cream, cultured buttermilk, reduced lactose whey, nonfat milk, natural flavor, autolyzed yeast, sodium citrate, sour cream cultures}, monosodium glutamate, green bell pepper powder, garlic powder, pepper sauce powder {aged red peppers, vinegar}, jalapeno pepper powder, chili pepper}, cheese powder {cheddar cheese {cultured milk, enzymes}, whey protein concentrate, lactose, buttermilk solids, annatto extract}, salt, beet powder {color}, turmeric {color}, annatto {color}, citric acid], sunflower seeds, pumpkin seeds), honey roasted peanuts (peanuts, sugar, honey vegetable oil [peanut, cottonseed, soybean and/or sunflower seed], salt, modified food starch [potato], maltodextrin and xanthan gum), honey roasted sesame sticks (flour [wheat flour, malted barley flour], partially hydrogenated vegetable oil [soybean, cottonseed], sesame seeds, sugar, bulgur wheat, vegetable oil [peanut, cottonseed, soybean and/or sunflower seed], honey, contains less than 2% of the following: salt, modified potato starch, soy protein concentrate, soy flour, maltodextrin, turmeric and beet powder [color], xanthan gum).",peanut;milk;soy;wheat_gluten;sesame,peanut;milk;soy;wheat_gluten;sesame,,DIRECT,YES,KEEP
0001121325634,"Whole cashews, salted","Cashews, canola and/or peanut and/or cottonseed oil, sea salt.",peanut;tree_nut,peanut;tree_nut,,DIRECT,YES,KEEP
00001664,Brins de ChocoCaramel,"Chocolat au lait 40% (sucre, beurre de cacao, lait entier en poudre, pâte de cacao, émulsifiant : lécithines (soja), arôme naturel de vanille), sirop de glucose-fructose, farine de blé 23%, sucre, stabilisant : glycérol, fructose, lait concentré sucré (lait entier, sucre), caramel aromatique 0.9%, lait écrémé en poudre, beurre concentré, beurre, sel, arôme, gélifiant : pectines, émulsifiant : lécithines (soja). Farine issue de blé français, filière responsable. Peut contenir des traces d'eufs, de graines de sésame et de fruits à coque.",,milk;soy;wheat_gluten,egg;sesame;tree_nut,BOTH,YES,KEEP
00016872,Zen Party Mix,"ROASTED PEANUTS (PEANUTS, PEANUT OR CANOLA OIL, SALT), SESAME STICKS (UNBLEACHED WHEAT FLOUR, SESAME SEEDS, SUNFLOWER OIL, SA;T, BEET POWDER, TURMERIC), CHILI CRACKERS (RICE, CORN STARCH, SOY SAUCE[WATER, SOYBEANS, WHEAT, SALT], BROWN RICE SYRUP, PAPRIKA, ONION POWDER, GARLIC POWDER), TAMARI ROASTED ALMONDS (ALMONDS, TAMARI SHOYU [WATER, WHEAT, SOYBEANS, SALT]), SALT",,peanut;soy;wheat_gluten;sesame;tree_nut,,DIRECT,YES,KEEP
0000231312345,yogurt,"milk, strawberry, gluten,  eggs, peanuts",peanut;milk;egg;wheat_gluten,peanut;milk;egg;wheat_gluten,,DIRECT,YES,KEEP
0000790870043,Skippy wafer bar,"peanut butter (roasted peanuts, sugar, hydrogenated vegetable oil (cottonseed, soybean and rapeseed oil) to prevent separation, salt), wheat wafers (pastry flour, soybean oil, sodium bicarbonate), peanut flour, palm oil, sugar, milk chocolate compound coating (sugar, vegetable oil [palm kernel oil and hydrogenated palm kernel oil], cocoa powder, nonfat dry milk, whole milk powder, whey powder, soy lecithin [an emulsifier], salt, artificial flavor), corn starch, salt. contains milk, peanut, soy, wheat.",peanut;milk;soy;wheat_gluten,peanut;milk;soy;wheat_gluten,,DIRECT,YES,KEEP
